Src,Eqid,Version,Datetime,Lat,Lon,Magnitude,Depth,NST,Region
nn,00401263,9,"Wednesday, January 30, 2013 17:47:48 UTC",38.4513,-119.3088,1.2,6.60, 7,"Central California"
ci,15279033,0,"Wednesday, January 30, 2013 17:30:36 UTC",34.1553,-116.4342,1.4,9.80,47,"Southern California"
ak,10647157,2,"Wednesday, January 30, 2013 16:52:13 UTC",62.0327,-145.1997,2.4,17.90,14,"Central Alaska"
nc,71931571,0,"Wednesday, January 30, 2013 16:36:59 UTC",38.8425,-122.8315,1.1,2.40,19,"Northern California"
hv,60461226,4,"Wednesday, January 30, 2013 15:54:25 UTC",19.9782,-155.4143,1.7,8.00,19,"Island of Hawaii, Hawaii"
ak,10647140,1,"Wednesday, January 30, 2013 15:42:36 UTC",61.4802,-149.8571,2.3,42.90,22,"Southern Alaska"
nc,71931541,1,"Wednesday, January 30, 2013 15:38:07 UTC",38.8325,-122.7562,2.3,0.60,38,"Northern California"
us,2013laap,6,"Wednesday, January 30, 2013 15:34:23 UTC",10.5744,126.9572,4.7,37.30,55,"Philippine Islands region"
nc,71931506,1,"Wednesday, January 30, 2013 15:20:16 UTC",38.8237,-122.7608,1.6,1.00,27,"Northern California"
ak,10647129,1,"Wednesday, January 30, 2013 15:18:48 UTC",61.7208,-148.2073,1.3,24.60, 4,"Southern Alaska"
nc,71931501,0,"Wednesday, January 30, 2013 15:18:33 UTC",38.8263,-122.7615,1.1,1.10,14,"Northern California"
ci,15279009,0,"Wednesday, January 30, 2013 15:14:00 UTC",34.1758,-117.2773,2.0,3.70,91,"Greater Los Angeles area, California"
us,2013laan,8,"Wednesday, January 30, 2013 15:05:14 UTC",62.4757,-124.4825,4.2,5.00,77,"Northwest Territories, Canada"
nc,71931481,0,"Wednesday, January 30, 2013 14:56:03 UTC",36.6815,-121.3088,1.5,4.70,11,"Central California"
nc,71931476,1,"Wednesday, January 30, 2013 14:51:26 UTC",36.6830,-121.3098,2.4,4.50,43,"Central California"
pr,13030001,0,"Wednesday, January 30, 2013 13:54:41 UTC",17.8591,-66.1946,2.2,8.00, 9,"Puerto Rico region"
nc,71931426,1,"Wednesday, January 30, 2013 13:31:32 UTC",38.8413,-122.8378,1.1,1.90,24,"Northern California"
us,2013laam,2,"Wednesday, January 30, 2013 13:25:32 UTC",-52.1992,-5.4029,4.9,10.00,15,"southern Mid-Atlantic Ridge"
us,c000eybx,8,"Wednesday, January 30, 2013 12:57:50 UTC",10.4223,126.9224,5.0,35.00,107,"Philippine Islands region"
ak,10647108,1,"Wednesday, January 30, 2013 12:38:44 UTC",61.0355,-150.5322,1.9,22.90,10,"Southern Alaska"
nc,71931411,0,"Wednesday, January 30, 2013 11:57:35 UTC",36.9438,-121.5918,1.2,0.90,11,"Northern California"
ak,10647105,1,"Wednesday, January 30, 2013 11:38:31 UTC",63.1564,-151.4147,1.7,7.70, 8,"Central Alaska"
ak,10647098,1,"Wednesday, January 30, 2013 11:06:33 UTC",63.2326,-148.3682,2.1,76.80,25,"Central Alaska"
ak,10647096,1,"Wednesday, January 30, 2013 10:44:20 UTC",61.1582,-146.9245,2.0,8.70, 5,"Southern Alaska"
nc,71931391,1,"Wednesday, January 30, 2013 10:43:26 UTC",38.8248,-122.8037,2.5,3.10,56,"Northern California"
ak,10647092,1,"Wednesday, January 30, 2013 10:39:09 UTC",57.8792,-153.4440,2.5,15.30,13,"Kodiak Island region, Alaska"
nc,71931376,0,"Wednesday, January 30, 2013 10:33:21 UTC",37.8880,-122.2228,1.2,8.00,15,"San Francisco Bay area, California"
nc,71931371,1,"Wednesday, January 30, 2013 10:30:33 UTC",38.8402,-122.8392,1.2,2.60,25,"Northern California"
ci,15279001,0,"Wednesday, January 30, 2013 10:25:38 UTC",32.9540,-116.3645,1.5,12.20,56,"Southern California"
nc,71931366,1,"Wednesday, January 30, 2013 10:20:19 UTC",38.7573,-122.7243,1.9,2.50,34,"Northern California"
nc,71931356,0,"Wednesday, January 30, 2013 09:52:02 UTC",37.9017,-122.2150,1.0,8.70,12,"San Francisco Bay area, California"
ak,10647077,1,"Wednesday, January 30, 2013 09:46:37 UTC",61.0376,-149.8839,2.1,100.00,10,"Southern Alaska"
us,c000ey8l,9,"Wednesday, January 30, 2013 09:33:05 UTC",-26.1595,-69.0427,4.8,24.70,138,"Atacama, Chile"
us,c000ey8j,8,"Wednesday, January 30, 2013 09:27:05 UTC",32.8470,94.7063,5.2,37.10,140,"Xizang-Qinghai border region"
ak,10647072,1,"Wednesday, January 30, 2013 09:04:59 UTC",63.0943,-151.4935,1.5,9.10, 6,"Central Alaska"
nc,71931341,0,"Wednesday, January 30, 2013 08:58:20 UTC",36.4647,-121.0445,1.6,5.30,16,"Central California"
nc,71931331,1,"Wednesday, January 30, 2013 08:54:20 UTC",38.8210,-122.8092,1.2,3.40,28,"Northern California"
nc,71931321,1,"Wednesday, January 30, 2013 07:33:43 UTC",38.8385,-122.8387,1.4,2.60,26,"Northern California"
ci,15278977,0,"Wednesday, January 30, 2013 07:28:05 UTC",34.2865,-116.6902,1.0,9.00,28,"Southern California"
nc,71931296,1,"Wednesday, January 30, 2013 07:12:57 UTC",38.8210,-122.8083,2.0,3.10,39,"Northern California"
nc,71931291,1,"Wednesday, January 30, 2013 07:09:36 UTC",38.8215,-122.8070,2.1,3.00,40,"Northern California"
ak,10647046,1,"Wednesday, January 30, 2013 06:12:45 UTC",61.6931,-150.3957,2.9,32.70,50,"Southern Alaska"
ak,10647041,1,"Wednesday, January 30, 2013 05:52:23 UTC",63.4764,-145.6370,1.2,19.20, 8,"Central Alaska"
ci,15278969,0,"Wednesday, January 30, 2013 05:47:35 UTC",33.7157,-116.8203,1.0,18.40,32,"Southern California"
nc,71931241,0,"Wednesday, January 30, 2013 05:21:35 UTC",38.7873,-122.7350,1.2,2.30,17,"Northern California"
ci,15278961,0,"Wednesday, January 30, 2013 04:49:27 UTC",33.0230,-116.4372,1.3,5.90,52,"Southern California"
ak,10647024,1,"Wednesday, January 30, 2013 04:36:37 UTC",58.1358,-153.7266,3.2,88.30,26,"Kodiak Island region, Alaska"
ci,15278953,0,"Wednesday, January 30, 2013 04:34:04 UTC",33.0218,-116.4357,1.6,5.10,69,"Southern California"
ci,15278945,0,"Wednesday, January 30, 2013 04:23:08 UTC",32.1588,-116.0582,2.0,4.60,16,"Baja California, Mexico"
ci,15278937,0,"Wednesday, January 30, 2013 04:22:31 UTC",32.1810,-116.0415,2.1,8.60,18,"Baja California, Mexico"
ci,15278929,0,"Wednesday, January 30, 2013 04:21:22 UTC",32.1748,-116.0528,3.1,1.20,41,"Baja California, Mexico"
uw,60498422,1,"Wednesday, January 30, 2013 04:16:31 UTC",45.4690,-122.8428,1.4,27.50,17,"Portland urban area, Oregon"
ci,15278897,0,"Wednesday, January 30, 2013 03:19:15 UTC",33.1062,-115.6265,1.7,19.30,14,"Southern California"
us,c000ey2g,7,"Wednesday, January 30, 2013 03:14:28 UTC",43.5664,-127.5984,5.3,10.20,282,"off the coast of Oregon"
ak,10647003,1,"Wednesday, January 30, 2013 03:06:46 UTC",61.4568,-148.2773,2.2,56.30, 9,"Southern Alaska"
nc,71931211,0,"Wednesday, January 30, 2013 03:03:42 UTC",35.4888,-120.7757,1.6,9.70, 7,"Central California"
ak,10646996,1,"Wednesday, January 30, 2013 02:55:53 UTC",63.4919,-150.8409,1.9,5.30,10,"Central Alaska"
ak,10646990,1,"Wednesday, January 30, 2013 02:49:50 UTC",59.6559,-153.4941,2.9,169.80,29,"Southern Alaska"
ak,10646984,1,"Wednesday, January 30, 2013 02:37:01 UTC",64.7134,-149.0247,1.6,0.00,11,"Central Alaska"
us,c000ey1i,8,"Wednesday, January 30, 2013 02:32:19 UTC",10.5577,126.6844,5.4,46.00,102,"Philippine Islands region"
ak,10646979,1,"Wednesday, January 30, 2013 01:52:50 UTC",61.1152,-152.2229,1.4,17.40, 8,"Southern Alaska"
ak,10646971,1,"Wednesday, January 30, 2013 01:41:23 UTC",61.8575,-150.8335,2.1,58.80,15,"Southern Alaska"
pr,13030000,0,"Wednesday, January 30, 2013 00:59:26 UTC",18.0393,-67.1741,1.6,17.00, 3,"Puerto Rico"
us,2013laac,7,"Wednesday, January 30, 2013 00:56:31 UTC",52.1213,-174.3927,4.6,75.80,178,"Andreanof Islands, Aleutian Islands, Alaska"
ak,10646933,2,"Wednesday, January 30, 2013 00:53:51 UTC",63.9184,-148.8177,2.0,10.00,11,"Central Alaska"
ak,10646924,1,"Wednesday, January 30, 2013 00:43:32 UTC",60.6540,-152.1012,2.5,112.20,23,"Southern Alaska"
nn,00401230,9,"Wednesday, January 30, 2013 00:22:27 UTC",37.1189,-117.1090,1.7,6.60,15,"Nevada"
ak,10646913,1,"Wednesday, January 30, 2013 00:13:58 UTC",65.0170,-147.4439,2.0,3.40,11,"northern Alaska"
uu,60011812,4,"Tuesday, January 29, 2013 23:10:29 UTC",38.8115,-111.3280,2.0,1.50, 5,"Utah"
pr,13029008,0,"Tuesday, January 29, 2013 23:09:50 UTC",17.7875,-68.6013,3.4,36.00,13,"Dominican Republic region"
ci,15278841,0,"Tuesday, January 29, 2013 22:54:05 UTC",33.6980,-116.8127,1.4,18.60,56,"Southern California"
ak,10646860,1,"Tuesday, January 29, 2013 22:20:04 UTC",63.0146,-149.1173,2.3,73.90,31,"Central Alaska"
ak,10646854,1,"Tuesday, January 29, 2013 22:17:48 UTC",63.5889,-147.7898,2.7,0.00,41,"Central Alaska"
ci,15278833,0,"Tuesday, January 29, 2013 22:13:07 UTC",35.7158,-118.0963,1.6,0.00,11,"Central California"
nc,71931101,1,"Tuesday, January 29, 2013 21:41:05 UTC",38.8385,-122.8292,1.8,2.50,32,"Northern California"
nc,71931091,0,"Tuesday, January 29, 2013 21:35:32 UTC",38.8393,-122.8315,1.2,2.40,20,"Northern California"
nc,71931086,1,"Tuesday, January 29, 2013 21:35:17 UTC",38.8392,-122.8290,1.7,2.40,30,"Northern California"
nc,71931076,2,"Tuesday, January 29, 2013 21:23:24 UTC",36.3118,-120.8548,1.2,8.30,11,"Central California"
ci,15278809,0,"Tuesday, January 29, 2013 20:59:57 UTC",33.6762,-116.7780,1.0,29.90,14,"Southern California"
ci,15278801,2,"Tuesday, January 29, 2013 20:40:52 UTC",33.8498,-117.4945,1.3,0.00,25,"Greater Los Angeles area, California"
ci,15278793,2,"Tuesday, January 29, 2013 20:28:49 UTC",37.1135,-117.0993,2.5,0.70,14,"Nevada"
nc,71931071,3,"Tuesday, January 29, 2013 20:20:39 UTC",38.8245,-122.7933,2.0,3.40,67,"Northern California"
nm,012913c,A,"Tuesday, January 29, 2013 20:20:14 UTC",36.1056,-89.7535,2.2,8.10,20,"southeastern Missouri"
ci,15278785,0,"Tuesday, January 29, 2013 19:59:54 UTC",32.6250,-115.7480,1.7,5.20,13,"Baja California, Mexico"
uu,60011772,4,"Tuesday, January 29, 2013 19:56:50 UTC",41.1125,-111.4965,1.3,21.50,20,"Utah"
nc,71931016,1,"Tuesday, January 29, 2013 19:36:53 UTC",38.8237,-122.7932,1.1,3.10,25,"Northern California"
us,c000expf,6,"Tuesday, January 29, 2013 19:30:33 UTC",-11.2056,165.3554,5.1,24.70,60,"Santa Cruz Islands"
ci,15278761,0,"Tuesday, January 29, 2013 19:02:01 UTC",33.2792,-116.7847,2.3,12.00,117,"Southern California"
nc,71930991,1,"Tuesday, January 29, 2013 18:36:41 UTC",38.8212,-122.8303,1.6,2.60,31,"Northern California"
ci,15278753,0,"Tuesday, January 29, 2013 18:30:51 UTC",33.7818,-116.1623,1.8,7.50,72,"Southern California"
nc,71930966,2,"Tuesday, January 29, 2013 17:37:30 UTC",40.5607,-121.5455,1.0,4.00,10,"Lassen Peak area, California"
pr,13029007,0,"Tuesday, January 29, 2013 17:36:46 UTC",18.9920,-64.8965,2.7,12.00, 4,"Virgin Islands region"
nc,71930956,1,"Tuesday, January 29, 2013 17:35:01 UTC",38.8122,-122.7915,1.2,3.10,27,"Northern California"
nc,71930951,1,"Tuesday, January 29, 2013 17:32:54 UTC",38.8245,-122.7617,1.9,1.10,30,"Northern California"
nc,71930946,1,"Tuesday, January 29, 2013 17:10:48 UTC",38.8248,-122.7937,1.0,3.50,24,"Northern California"
pr,13029006,0,"Tuesday, January 29, 2013 16:59:40 UTC",19.0207,-64.9128,2.7,42.00, 4,"Virgin Islands region"
ak,10646537,2,"Tuesday, January 29, 2013 16:58:26 UTC",64.7858,-147.3424,2.5,10.00,16,"Central Alaska"
nc,71930916,1,"Tuesday, January 29, 2013 16:48:01 UTC",38.8108,-122.7932,1.8,3.30,35,"Northern California"
nc,71930906,1,"Tuesday, January 29, 2013 16:47:27 UTC",38.8152,-122.7927,1.6,3.60,30,"Northern California"
nc,71930901,1,"Tuesday, January 29, 2013 16:45:28 UTC",38.7842,-122.7987,2.9,0.00,33,"Northern California"
nc,71930896,3,"Tuesday, January 29, 2013 16:45:25 UTC",38.8222,-122.7930,3.0,3.30,40,"Northern California"
nc,71930891,2,"Tuesday, January 29, 2013 16:19:06 UTC",35.5837,-120.7783,1.0,7.80,17,"Central California"
uu,60011742,2,"Tuesday, January 29, 2013 14:59:52 UTC",38.9788,-112.0740,1.3,12.40, 6,"Utah"
nc,71930886,1,"Tuesday, January 29, 2013 14:57:08 UTC",38.7905,-122.8003,1.1,3.90,26,"Northern California"
nc,71930881,1,"Tuesday, January 29, 2013 14:46:53 UTC",38.8075,-122.8032,1.4,1.30,27,"Northern California"
hv,60460891,2,"Tuesday, January 29, 2013 14:43:55 UTC",19.4155,-155.3255,2.2,4.90,16,"Island of Hawaii, Hawaii"
ak,10646502,1,"Tuesday, January 29, 2013 14:26:07 UTC",60.0462,-147.6401,2.5,3.70,14,"Southern Alaska"
ci,15278737,2,"Tuesday, January 29, 2013 14:05:01 UTC",33.9182,-118.5768,1.7,10.00,13,"Santa Monica Bay, California"
us,2013kzan,4,"Tuesday, January 29, 2013 13:58:48 UTC",-4.0044,143.0199,4.3,10.00,12,"New Guinea, Papua New Guinea"
ak,10646491,2,"Tuesday, January 29, 2013 13:38:48 UTC",64.7795,-147.3455,2.9,10.00,21,"Central Alaska"
nm,012913a,B,"Tuesday, January 29, 2013 13:19:01 UTC",36.1396,-90.8820,2.1,9.70,16,"Arkansas"
us,2013kzal,6,"Tuesday, January 29, 2013 13:17:21 UTC",42.6581,144.0562,4.8,48.50,159,"Hokkaido, Japan region"
nc,71930861,0,"Tuesday, January 29, 2013 12:59:00 UTC",38.8105,-122.8168,1.0,2.90,20,"Northern California"
us,c000exeh,5,"Tuesday, January 29, 2013 12:31:33 UTC",31.8694,-94.3948,2.8,5.10,29,"eastern Texas"
hv,60460541,1,"Tuesday, January 29, 2013 12:24:07 UTC",19.4142,-155.3203,1.9,4.30,19,"Island of Hawaii, Hawaii"
hv,60460506,2,"Tuesday, January 29, 2013 12:12:46 UTC",19.4147,-155.3218,1.9,3.60,10,"Island of Hawaii, Hawaii"
pr,13029005,0,"Tuesday, January 29, 2013 12:00:54 UTC",19.6567,-66.4000,3.2,33.00, 6,"Puerto Rico region"
nc,71930851,0,"Tuesday, January 29, 2013 11:59:23 UTC",37.6240,-119.0237,1.2,3.80,11,"Long Valley area, California"
nc,71930846,1,"Tuesday, January 29, 2013 11:58:46 UTC",38.8300,-122.8533,1.4,2.60,25,"Northern California"
hv,60460396,2,"Tuesday, January 29, 2013 11:44:01 UTC",19.4142,-155.3172,2.3,4.50,27,"Island of Hawaii, Hawaii"
ci,15278721,0,"Tuesday, January 29, 2013 11:33:13 UTC",33.9790,-117.1708,1.4,15.60,74,"Greater Los Angeles area, California"
us,c000exdk,9,"Tuesday, January 29, 2013 10:47:56 UTC",-15.7055,-70.0925,4.1,218.90,30,"southern Peru"
ak,10646470,1,"Tuesday, January 29, 2013 10:41:32 UTC",61.0396,-150.3727,1.8,20.80, 8,"Southern Alaska"
ak,10646466,1,"Tuesday, January 29, 2013 10:33:08 UTC",61.3718,-146.6977,1.9,27.10,12,"Southern Alaska"
pr,13029004,0,"Tuesday, January 29, 2013 10:30:59 UTC",19.0625,-64.4900,3.2,125.00, 7,"Virgin Islands region"
uw,60498117,1,"Tuesday, January 29, 2013 10:21:25 UTC",47.5293,-123.5185,1.1,37.90,14,"Olympic Peninsula, Washington"
uw,60025908,1,"Tuesday, January 29, 2013 10:19:23 UTC",47.8810,-121.6430,1.4,8.10,18,"Washington"
uw,60498112,1,"Tuesday, January 29, 2013 10:18:37 UTC",47.8738,-121.6492,1.7,11.20,19,"Washington"
nc,71930841,0,"Tuesday, January 29, 2013 09:57:21 UTC",38.7900,-122.7617,1.0,1.80,17,"Northern California"
se,012913b,A,"Tuesday, January 29, 2013 09:17:09 UTC",32.9318,-80.1658,1.4,7.60, 3,"South Carolina"
us,c000exci,4,"Tuesday, January 29, 2013 09:03:20 UTC",-24.0590,-179.8282,4.6,505.10,44,"south of the Fiji Islands"
us,c000excc,7,"Tuesday, January 29, 2013 08:57:55 UTC",42.5126,79.7940,4.4,10.00,41,"eastern Kazakhstan"
nc,71930811,0,"Tuesday, January 29, 2013 08:43:16 UTC",38.8313,-122.8017,1.0,2.10,18,"Northern California"
nc,71930806,2,"Tuesday, January 29, 2013 08:35:12 UTC",37.5587,-121.8275,1.1,8.60,19,"San Francisco Bay area, California"
nc,71930801,0,"Tuesday, January 29, 2013 08:25:37 UTC",38.8263,-122.8618,1.0,0.60,14,"Northern California"
ci,15278705,0,"Tuesday, January 29, 2013 08:07:36 UTC",33.9852,-117.1772,1.4,12.40,60,"Greater Los Angeles area, California"
pr,13029003,0,"Tuesday, January 29, 2013 07:26:16 UTC",18.0935,-66.1010,2.8,27.00, 6,"Puerto Rico"
nc,71930756,0,"Tuesday, January 29, 2013 07:15:52 UTC",37.6248,-119.0245,1.4,4.40,14,"Long Valley area, California"
nc,71930751,2,"Tuesday, January 29, 2013 07:14:51 UTC",37.6225,-119.0222,1.5,3.90,32,"Long Valley area, California"
ak,10646435,2,"Tuesday, January 29, 2013 07:07:18 UTC",61.7617,-150.3457,3.6,38.60,58,"Southern Alaska"
ak,10646430,1,"Tuesday, January 29, 2013 06:58:56 UTC",62.1786,-148.2047,1.5,21.20, 6,"Central Alaska"
ak,10646427,1,"Tuesday, January 29, 2013 06:39:41 UTC",61.7533,-148.4034,1.3,14.40, 8,"Southern Alaska"
ak,10646421,1,"Tuesday, January 29, 2013 06:24:40 UTC",62.9237,-150.8532,2.6,105.00,36,"Central Alaska"
ci,15278681,2,"Tuesday, January 29, 2013 06:14:19 UTC",33.1290,-115.6292,1.4,7.80,22,"Southern California"
hv,60460181,2,"Tuesday, January 29, 2013 06:09:35 UTC",19.4745,-155.4553,2.3,10.00,40,"Island of Hawaii, Hawaii"
ak,10646411,1,"Tuesday, January 29, 2013 05:23:33 UTC",63.3623,-151.3227,1.5,8.80, 7,"Central Alaska"
ci,15278673,0,"Tuesday, January 29, 2013 05:04:07 UTC",34.3078,-116.9373,1.0,2.90,20,"Southern California"
nc,71930706,2,"Tuesday, January 29, 2013 05:00:37 UTC",36.3117,-120.8522,1.4,7.40,21,"Central California"
nc,71930701,2,"Tuesday, January 29, 2013 04:56:51 UTC",40.9010,-121.8215,1.8,17.40,23,"Northern California"
ak,10646401,1,"Tuesday, January 29, 2013 04:22:40 UTC",63.5549,-148.1459,1.2,59.00, 4,"Central Alaska"
ak,10646392,1,"Tuesday, January 29, 2013 04:11:48 UTC",60.8362,-151.5596,2.1,35.40,19,"Kenai Peninsula, Alaska"
nc,71930621,2,"Tuesday, January 29, 2013 04:00:27 UTC",38.8242,-122.8397,2.0,0.90,60,"Northern California"
uu,60011727,2,"Tuesday, January 29, 2013 03:53:48 UTC",41.0325,-111.5918,1.1,10.10,10,"Utah"
uw,60498017,3,"Tuesday, January 29, 2013 03:43:41 UTC",47.8845,-121.6498,1.7,8.70,29,"Washington"
pr,13029001,0,"Tuesday, January 29, 2013 03:37:32 UTC",17.9461,-67.1063,1.8,12.00, 3,"Puerto Rico region"
nc,71930611,1,"Tuesday, January 29, 2013 03:35:54 UTC",36.7765,-121.2810,2.3,8.00,49,"Central California"
us,c000ex8v,6,"Tuesday, January 29, 2013 03:31:23 UTC",-15.5454,-72.0774,4.1,99.60,22,"southern Peru"
us,c000ex8s,5,"Tuesday, January 29, 2013 03:16:36 UTC",-0.0603,122.9802,4.9,133.70,57,"Sulawesi, Indonesia"
ak,10646376,2,"Tuesday, January 29, 2013 03:04:26 UTC",51.3487,-175.9797,3.1,26.00,11,"Andreanof Islands, Aleutian Islands, Alaska"
nc,71930591,4,"Tuesday, January 29, 2013 02:57:19 UTC",41.0468,-121.6520,1.7,13.50,12,"Northern California"
ak,10646366,2,"Tuesday, January 29, 2013 02:42:18 UTC",51.3570,-176.0342,3.0,25.90, 9,"Andreanof Islands, Aleutian Islands, Alaska"
ci,15278657,2,"Tuesday, January 29, 2013 02:38:15 UTC",34.0060,-117.1688,1.0,10.60,27,"Greater Los Angeles area, California"
ak,10646359,1,"Tuesday, January 29, 2013 02:25:58 UTC",61.7490,-148.3884,1.0,11.20, 5,"Southern Alaska"
uu,60011717,2,"Tuesday, January 29, 2013 02:00:18 UTC",41.8112,-112.7052,1.2,0.30,20,"Utah"
us,c000ex7y,3,"Tuesday, January 29, 2013 01:48:57 UTC",35.3747,27.2039,4.4,26.60,48,"Dodecanese Islands, Greece"
ak,10646344,1,"Tuesday, January 29, 2013 01:47:03 UTC",61.7548,-148.3010,2.4,0.00,23,"Southern Alaska"
pr,13029002,0,"Tuesday, January 29, 2013 01:31:59 UTC",19.4890,-64.1085,2.6,67.00, 3,"Virgin Islands region"
ci,15278649,0,"Tuesday, January 29, 2013 01:27:08 UTC",33.9750,-116.8508,1.2,24.40,44,"Southern California"
ak,10646328,2,"Tuesday, January 29, 2013 01:05:27 UTC",55.5197,-161.7696,2.7,117.50, 8,"Alaska Peninsula"
us,c000ex75,6,"Tuesday, January 29, 2013 00:56:44 UTC",12.1037,-88.0296,4.6,34.50,158,"near the coast of Nicaragua"
ak,10646318,1,"Tuesday, January 29, 2013 00:44:55 UTC",64.9630,-148.9937,1.5,6.40, 9,"Central Alaska"
ci,15278641,2,"Tuesday, January 29, 2013 00:40:15 UTC",35.0475,-117.6608,1.1,0.00,11,"Southern California"
nc,71930546,1,"Tuesday, January 29, 2013 00:25:24 UTC",38.8443,-122.8267,1.6,2.60,25,"Northern California"
nc,71930541,3,"Tuesday, January 29, 2013 00:23:11 UTC",38.8363,-122.8023,2.0,2.80,71,"Northern California"
ci,15278633,2,"Tuesday, January 29, 2013 00:17:51 UTC",34.5785,-115.6503,1.3,0.00,13,"Southern California"
nc,71930531,0,"Tuesday, January 29, 2013 00:15:28 UTC",36.5552,-121.0747,1.5,6.30, 9,"Central California"
pr,13029000,0,"Tuesday, January 29, 2013 00:02:18 UTC",19.5419,-65.4059,3.3,61.00, 5,"Puerto Rico region"
ak,10646277,1,"Monday, January 28, 2013 23:44:18 UTC",63.3024,-149.4300,2.1,83.20,18,"Central Alaska"
nc,71930511,4,"Monday, January 28, 2013 23:13:29 UTC",38.0595,-118.9462,1.4,7.20,24,"Central California"
nc,71930496,1,"Monday, January 28, 2013 22:57:15 UTC",38.8438,-122.8260,1.7,2.40,32,"Northern California"
nc,71930486,0,"Monday, January 28, 2013 22:25:43 UTC",37.4335,-118.5575,1.3,11.20, 9,"Central California"
uw,60497962,1,"Monday, January 28, 2013 22:14:44 UTC",49.4708,-120.4983,2.3,0.00,13,"British Columbia, Canada"
ci,15278625,0,"Monday, January 28, 2013 22:13:49 UTC",33.2408,-116.4465,1.9,1.90,51,"Southern California"
hv,60460021,1,"Monday, January 28, 2013 21:34:27 UTC",19.3590,-155.4612,1.9,10.10,26,"Island of Hawaii, Hawaii"
uu,60011657,2,"Monday, January 28, 2013 21:33:52 UTC",38.9950,-111.3448,1.3,6.10, 5,"Utah"
us,c000ex0c,6,"Monday, January 28, 2013 21:24:36 UTC",-22.2281,-179.5471,4.8,585.20,206,"south of the Fiji Islands"
ak,10646251,2,"Monday, January 28, 2013 21:13:32 UTC",58.1690,-155.3568,1.0,1.00, 6,"Alaska Peninsula"
ci,15278609,0,"Monday, January 28, 2013 20:37:22 UTC",34.1967,-117.4358,1.9,8.70,101,"Greater Los Angeles area, California"
nc,71930441,1,"Monday, January 28, 2013 20:37:09 UTC",38.8443,-122.8257,1.6,2.40,30,"Northern California"
us,c000ewxc,5,"Monday, January 28, 2013 20:37:09 UTC",42.5443,79.7708,4.6,10.00,29,"eastern Kazakhstan"
us,c000ewx5,8,"Monday, January 28, 2013 20:29:14 UTC",37.5004,143.6056,4.7,33.40,28,"off the east coast of Honshu, Japan"
us,c000ewwg,6,"Monday, January 28, 2013 20:20:53 UTC",9.0722,-82.8662,4.8,29.80,66,"Panama-Costa Rica border region"
us,c000ewvl,5,"Monday, January 28, 2013 19:47:38 UTC",42.5072,79.5950,4.6,9.90,42,"eastern Kazakhstan"
ci,15278585,2,"Monday, January 28, 2013 19:40:44 UTC",33.7082,-116.7530,1.2,18.30,37,"Southern California"
us,c000ewv1,6,"Monday, January 28, 2013 19:38:20 UTC",38.3793,46.8492,4.5,10.00,29,"northwestern Iran"
nc,71930431,0,"Monday, January 28, 2013 19:36:21 UTC",36.5760,-121.1760,1.6,2.30, 7,"Central California"
us,c000ewur,7,"Monday, January 28, 2013 19:33:15 UTC",-6.8336,129.0056,4.7,151.40,14,"Banda Sea"
nc,71930421,2,"Monday, January 28, 2013 19:27:03 UTC",36.5800,-121.4378,1.1,0.00,10,"Central California"
nc,71930411,0,"Monday, January 28, 2013 19:16:36 UTC",38.8130,-122.7948,1.1,2.70,21,"Northern California"
us,c000ewuh,4,"Monday, January 28, 2013 19:11:54 UTC",42.7726,79.3032,4.5,10.00,19,"eastern Kazakhstan"
nc,71930406,0,"Monday, January 28, 2013 18:53:16 UTC",38.8212,-122.7620,1.0,2.10,15,"Northern California"
ak,10646198,1,"Monday, January 28, 2013 18:30:09 UTC",63.2782,-145.2255,1.5,0.10, 7,"Central Alaska"
ci,15278553,2,"Monday, January 28, 2013 18:27:39 UTC",35.0445,-118.3747,1.2,0.00, 9,"Southern California"
ci,15278537,2,"Monday, January 28, 2013 17:51:18 UTC",33.4763,-116.7348,1.2,10.60,55,"Southern California"
nc,71930366,0,"Monday, January 28, 2013 17:46:07 UTC",38.8382,-122.7753,1.0,2.40,10,"Northern California"
nc,71930361,0,"Monday, January 28, 2013 17:38:37 UTC",38.8342,-122.7760,1.2,2.40,22,"Northern California"
us,c000ewrz,6,"Monday, January 28, 2013 17:31:46 UTC",42.7494,79.5263,4.4,10.10,20,"eastern Kazakhstan"
nc,71930351,0,"Monday, January 28, 2013 17:03:21 UTC",38.7875,-122.7625,1.3,1.50,23,"Northern California"
nc,71930326,3,"Monday, January 28, 2013 16:40:48 UTC",38.7910,-122.7262,2.4,2.10,62,"Northern California"
us,c000ewqq,9,"Monday, January 28, 2013 16:38:53 UTC",42.5977,79.6986,6.0,15.00,567,"eastern Kazakhstan"
nc,71930311,4,"Monday, January 28, 2013 16:11:06 UTC",38.0600,-118.9490,1.6,10.00,38,"Central California"
ak,10646135,1,"Monday, January 28, 2013 16:00:22 UTC",63.0996,-150.4636,1.8,29.60, 6,"Central Alaska"
hv,60459906,1,"Monday, January 28, 2013 15:49:42 UTC",19.9345,-155.6818,2.4,10.20,44,"Island of Hawaii, Hawaii"
ak,10646125,1,"Monday, January 28, 2013 15:12:50 UTC",62.4801,-151.2990,2.5,104.70,35,"Central Alaska"
ak,10646121,2,"Monday, January 28, 2013 14:59:36 UTC",54.3450,-161.8890,2.5,13.10, 8,"Alaska Peninsula"
ak,10646118,2,"Monday, January 28, 2013 14:42:11 UTC",54.3572,-161.9385,2.7,22.40, 9,"Alaska Peninsula"
nc,71930271,1,"Monday, January 28, 2013 13:22:19 UTC",38.8168,-122.8118,1.0,3.40,23,"Northern California"
nc,71930266,2,"Monday, January 28, 2013 13:14:36 UTC",41.3120,-122.1602,1.1,5.40,11,"Northern California"
us,c000ewn4,5,"Monday, January 28, 2013 12:40:39 UTC",52.6482,-169.3915,3.9,16.90,49,"Fox Islands, Aleutian Islands, Alaska"
nc,71930246,2,"Monday, January 28, 2013 12:02:29 UTC",37.6225,-119.0183,1.0,3.70,28,"Long Valley area, California"
us,c000ewmq,7,"Monday, January 28, 2013 12:00:17 UTC",-11.0701,165.3682,4.9,35.00,116,"Santa Cruz Islands"
ak,10646097,1,"Monday, January 28, 2013 11:56:01 UTC",64.9840,-149.0037,1.3,1.60,11,"Central Alaska"
nc,71930196,2,"Monday, January 28, 2013 11:23:06 UTC",37.6350,-119.0253,1.2,2.80, 7,"Long Valley area, California"
nc,71930191,1,"Monday, January 28, 2013 11:20:01 UTC",38.8385,-122.8280,1.4,2.60,29,"Northern California"
ci,15278513,0,"Monday, January 28, 2013 10:27:40 UTC",32.7375,-116.0385,1.4,9.90,30,"Southern California"
uw,60497842,1,"Monday, January 28, 2013 10:05:17 UTC",47.0022,-120.5753,1.6,1.30,15,"Washington"
ak,10646080,1,"Monday, January 28, 2013 09:59:42 UTC",62.9250,-149.7558,1.4,46.40, 6,"Central Alaska"
nc,71930131,1,"Monday, January 28, 2013 09:48:10 UTC",38.7877,-122.7620,1.4,1.60,22,"Northern California"
nc,71930136,2,"Monday, January 28, 2013 09:47:36 UTC",37.6220,-119.0193,1.4,3.70, 8,"Long Valley area, California"
nc,71930126,2,"Monday, January 28, 2013 09:38:07 UTC",37.6437,-119.0565,1.1,0.30, 4,"Central California"
ak,10646070,1,"Monday, January 28, 2013 09:06:05 UTC",61.2913,-152.2533,1.3,9.00,10,"Southern Alaska"
ak,10646064,1,"Monday, January 28, 2013 08:30:58 UTC",61.0681,-146.6138,1.9,11.40,12,"Southern Alaska"
ak,10646057,1,"Monday, January 28, 2013 08:18:39 UTC",64.4993,-147.2835,1.3,1.20,12,"Central Alaska"
ci,15278489,0,"Monday, January 28, 2013 08:17:55 UTC",33.9895,-116.8542,1.3,12.50,61,"Southern California"
pr,13028002,0,"Monday, January 28, 2013 08:07:31 UTC",18.2830,-65.0398,1.5,36.00, 3,"Virgin Islands region"
ci,15278481,0,"Monday, January 28, 2013 07:37:43 UTC",33.1677,-116.1125,2.3,8.90,133,"Southern California"
ci,15278473,0,"Monday, January 28, 2013 06:16:54 UTC",36.0293,-117.7787,1.7,0.30,19,"Central California"
nc,71930076,1,"Monday, January 28, 2013 06:03:25 UTC",38.7870,-122.7285,1.8,1.80,27,"Northern California"
ak,10646043,2,"Monday, January 28, 2013 05:45:09 UTC",60.0814,-141.1614,1.8,13.40, 5,"Southern Alaska"
ci,15278465,2,"Monday, January 28, 2013 05:37:07 UTC",36.4210,-117.8378,1.9,14.20,12,"Central California"
ak,10646034,1,"Monday, January 28, 2013 05:25:25 UTC",62.9513,-150.9639,1.9,99.80,19,"Central Alaska"
nc,71930056,0,"Monday, January 28, 2013 04:39:55 UTC",38.2898,-122.1213,1.8,13.80, 9,"Northern California"
pr,13028001,0,"Monday, January 28, 2013 04:39:26 UTC",18.7945,-64.3310,2.4,44.00, 5,"Virgin Islands region"
us,c000ewkv,4,"Monday, January 28, 2013 04:02:57 UTC",-4.9067,129.4415,4.8,231.40,27,"Banda Sea"
hv,60459846,1,"Monday, January 28, 2013 03:44:46 UTC",19.1222,-155.4728,2.0,31.30,23,"Island of Hawaii, Hawaii"
ak,10646019,1,"Monday, January 28, 2013 03:27:22 UTC",61.0271,-146.5862,1.9,16.80,16,"Southern Alaska"
nc,71930016,2,"Monday, January 28, 2013 03:24:18 UTC",37.5085,-119.0438,1.2,2.50, 9,"Central California"
ci,15278449,2,"Monday, January 28, 2013 03:23:54 UTC",33.8497,-117.7873,2.4,8.20,119,"Greater Los Angeles area, California"
nc,71929981,2,"Monday, January 28, 2013 02:53:00 UTC",37.5342,-119.0158,1.1,8.60, 9,"Central California"
nc,71929941,3,"Monday, January 28, 2013 02:26:43 UTC",38.8267,-122.8498,2.6,1.50,71,"Northern California"
ak,10646006,1,"Monday, January 28, 2013 02:20:07 UTC",58.2302,-154.7864,2.1,21.00, 9,"Alaska Peninsula"
ak,10646004,1,"Monday, January 28, 2013 02:17:54 UTC",58.2179,-155.0949,1.3,1.30, 6,"Alaska Peninsula"
nn,00401185,9,"Monday, January 28, 2013 02:15:59 UTC",37.0840,-117.9822,1.5,0.00, 6,"Central California"
pr,13028000,0,"Monday, January 28, 2013 02:06:37 UTC",18.2513,-66.9815,2.1,24.00, 5,"Puerto Rico"
ak,10645999,1,"Monday, January 28, 2013 00:58:15 UTC",64.7494,-148.0666,1.5,19.90, 8,"Central Alaska"
nm,012813a,A,"Monday, January 28, 2013 00:35:12 UTC",36.5311,-89.6147,1.3,9.50,15,"southeastern Missouri"
nc,71929911,2,"Monday, January 28, 2013 00:29:43 UTC",36.3513,-120.9340,1.1,5.30,11,"Central California"
ci,15278425,2,"Monday, January 28, 2013 00:03:50 UTC",35.0327,-117.6745,1.6,0.00,12,"Southern California"
ci,15278417,2,"Sunday, January 27, 2013 23:49:53 UTC",34.2395,-117.5065,1.9,6.90,79,"Southern California"
ak,10645989,1,"Sunday, January 27, 2013 23:49:46 UTC",62.1542,-148.7326,1.3,9.50,13,"Central Alaska"
nc,71929896,0,"Sunday, January 27, 2013 23:48:25 UTC",37.6455,-122.0567,1.7,4.70,12,"San Francisco Bay area, California"
nc,71929866,0,"Sunday, January 27, 2013 22:35:21 UTC",36.3498,-120.9348,1.9,5.30,17,"Central California"
nc,71929851,2,"Sunday, January 27, 2013 22:10:22 UTC",37.5362,-118.8223,1.2,7.10,26,"Central California"
uw,60497797,2,"Sunday, January 27, 2013 22:08:16 UTC",49.4198,-120.5047,2.2,0.00, 9,"British Columbia, Canada"
ak,10645847,1,"Sunday, January 27, 2013 22:03:45 UTC",60.9682,-151.2993,1.7,32.60,15,"Kenai Peninsula, Alaska"
us,c000ewtb,9,"Sunday, January 27, 2013 21:45:49 UTC",13.2865,144.7219,4.5,47.70,20,"Guam region"
ak,10645841,1,"Sunday, January 27, 2013 21:45:04 UTC",64.7840,-150.7649,1.3,18.20, 4,"Central Alaska"
ak,10645837,2,"Sunday, January 27, 2013 21:39:49 UTC",60.5986,-152.4361,1.7,104.10,12,"Southern Alaska"
ci,15278401,2,"Sunday, January 27, 2013 21:30:04 UTC",34.3458,-118.4897,1.9,4.30,52,"Greater Los Angeles area, California"
nc,71929841,0,"Sunday, January 27, 2013 21:23:57 UTC",38.8342,-122.8125,1.1,2.50,21,"Northern California"
ci,15278393,2,"Sunday, January 27, 2013 21:03:36 UTC",33.1755,-115.6748,1.2,5.70,19,"Southern California"
nc,71929831,0,"Sunday, January 27, 2013 21:03:08 UTC",38.7435,-122.7332,1.0,0.40, 7,"Northern California"
us,c000ewhq,9,"Sunday, January 27, 2013 20:57:35 UTC",27.2142,128.3620,5.2,57.90,88,"Ryukyu Islands, Japan"
ak,10645815,1,"Sunday, January 27, 2013 20:44:29 UTC",61.7611,-149.7074,1.6,35.10,14,"Southern Alaska"
us,c000ewha,7,"Sunday, January 27, 2013 20:27:22 UTC",14.1805,-91.7112,4.5,67.00,44,"Guatemala"
nn,00401057,9,"Sunday, January 27, 2013 20:22:49 UTC",38.1563,-118.0017,2.2,7.40,14,"Nevada"
nn,00401055,9,"Sunday, January 27, 2013 20:08:39 UTC",38.1624,-117.9929,2.1,10.60,11,"Nevada"
nc,71929806,0,"Sunday, January 27, 2013 19:54:39 UTC",36.8247,-121.2803,1.1,7.50,10,"Central California"
ci,15278361,2,"Sunday, January 27, 2013 19:52:27 UTC",34.0397,-117.2208,1.3,15.50,18,"Greater Los Angeles area, California"
nc,71929801,2,"Sunday, January 27, 2013 19:43:31 UTC",37.5540,-122.4303,1.1,11.10,16,"San Francisco Bay area, California"
ci,15278353,2,"Sunday, January 27, 2013 19:42:14 UTC",33.1955,-115.6453,1.3,5.40,13,"Southern California"
nc,71929796,2,"Sunday, January 27, 2013 19:38:04 UTC",38.7813,-122.3778,1.8,10.10,48,"Northern California"
us,c000ewg6,6,"Sunday, January 27, 2013 19:32:41 UTC",-34.7329,-108.9744,5.2,14.80,159,"southern East Pacific Rise"
ak,10645772,1,"Sunday, January 27, 2013 19:26:06 UTC",63.7034,-145.7191,1.5,9.20, 5,"Central Alaska"
ci,15278337,2,"Sunday, January 27, 2013 19:19:14 UTC",33.1667,-115.6237,1.0,2.00,21,"Southern California"
ci,15278329,2,"Sunday, January 27, 2013 19:14:08 UTC",33.7832,-116.1658,1.0,7.70,20,"Southern California"
ci,15278321,2,"Sunday, January 27, 2013 19:11:29 UTC",34.0225,-117.2095,1.1,7.00,16,"Greater Los Angeles area, California"
nn,00401050,9,"Sunday, January 27, 2013 19:04:03 UTC",38.1313,-118.2648,2.1,13.90,19,"Nevada"
us,c000ewfr,8,"Sunday, January 27, 2013 18:41:48 UTC",36.5255,140.5339,5.1,70.90,117,"near the east coast of Honshu, Japan"
nc,71929751,0,"Sunday, January 27, 2013 18:14:04 UTC",36.5580,-121.0658,1.3,7.00, 6,"Central California"
se,012713a,A,"Sunday, January 27, 2013 18:10:24 UTC",35.2656,-84.3268,1.5,18.40, 9,"eastern Tennessee"
ak,10645753,1,"Sunday, January 27, 2013 18:03:44 UTC",62.1205,-148.1189,1.3,29.90, 9,"Central Alaska"
ci,15278297,2,"Sunday, January 27, 2013 18:03:05 UTC",33.5198,-116.4220,2.0,10.30,109,"Southern California"
nc,71929741,0,"Sunday, January 27, 2013 18:02:25 UTC",38.8393,-122.7990,1.0,1.80,11,"Northern California"
pr,13027004,0,"Sunday, January 27, 2013 17:58:22 UTC",18.8010,-64.1484,2.2,39.00, 5,"Virgin Islands region"
ci,15278281,0,"Sunday, January 27, 2013 17:25:55 UTC",32.6498,-115.9317,1.6,10.60,20,"Southern California"
nn,00401044,9,"Sunday, January 27, 2013 17:10:36 UTC",38.1593,-118.0120,2.1,5.40,15,"Nevada"
nc,71929701,3,"Sunday, January 27, 2013 17:09:48 UTC",39.5483,-121.9962,1.8,13.40,25,"Northern California"
ci,15278249,2,"Sunday, January 27, 2013 17:02:54 UTC",34.0315,-116.8453,1.2,23.50,47,"Southern California"
ci,15278257,2,"Sunday, January 27, 2013 17:02:54 UTC",34.0280,-116.8440,1.2,23.40,51,"Southern California"
ci,15278241,4,"Sunday, January 27, 2013 16:49:52 UTC",34.0198,-117.2262,1.1,12.60,46,"Greater Los Angeles area, California"
ak,10645730,1,"Sunday, January 27, 2013 16:35:27 UTC",60.3410,-152.2231,2.0,81.90, 8,"Southern Alaska"
uu,60011582,2,"Sunday, January 27, 2013 16:12:00 UTC",39.6335,-110.4197,1.6,3.40, 7,"Utah"
nc,71929676,0,"Sunday, January 27, 2013 16:11:46 UTC",38.1902,-122.1763,1.7,3.70, 7,"San Francisco Bay area, California"
ci,15278225,2,"Sunday, January 27, 2013 15:48:45 UTC",34.0182,-117.2265,1.0,11.90,25,"Greater Los Angeles area, California"
uw,60497767,2,"Sunday, January 27, 2013 15:32:27 UTC",46.5273,-122.3177,1.1,21.90,39,"Washington"
uw,60497762,1,"Sunday, January 27, 2013 15:26:25 UTC",43.7848,-121.3387,1.0,8.10,11,"Oregon"
nc,71929671,1,"Sunday, January 27, 2013 15:25:48 UTC",38.8090,-122.8118,1.9,2.20,37,"Northern California"
ak,10645716,1,"Sunday, January 27, 2013 15:23:26 UTC",63.4085,-148.9017,1.8,0.00, 9,"Central Alaska"
ci,15278209,0,"Sunday, January 27, 2013 14:53:02 UTC",34.0192,-117.2315,2.2,11.90,127,"Greater Los Angeles area, California"
us,2013kxau,5,"Sunday, January 27, 2013 14:34:33 UTC",-35.5968,-108.7381,4.7,10.00,27,"southern East Pacific Rise"
us,2013kxat,4,"Sunday, January 27, 2013 14:24:12 UTC",4.9527,95.8501,4.6,45.60,34,"northern Sumatra, Indonesia"
ak,10645705,1,"Sunday, January 27, 2013 14:18:34 UTC",59.8742,-152.7613,2.4,107.10,22,"Southern Alaska"
ci,15278193,0,"Sunday, January 27, 2013 14:09:16 UTC",35.4500,-118.3570,1.5,4.50,23,"Central California"
nc,71929641,1,"Sunday, January 27, 2013 14:02:22 UTC",38.8160,-122.8142,1.8,1.30,27,"Northern California"
us,c000ewe6,C,"Sunday, January 27, 2013 13:50:37 UTC",-35.1633,-108.5225,5.1,10.00,240,"southern East Pacific Rise"
nc,71929626,0,"Sunday, January 27, 2013 13:31:54 UTC",38.8118,-122.8125,1.0,1.70,20,"Northern California"
nc,71929616,2,"Sunday, January 27, 2013 13:18:30 UTC",36.5105,-121.0380,1.0,7.70,15,"Central California"
ci,15278185,2,"Sunday, January 27, 2013 13:07:22 UTC",32.1668,-115.2207,2.3,2.60,17,"Baja California, Mexico"
ak,10645688,2,"Sunday, January 27, 2013 12:51:33 UTC",59.4037,-152.8335,2.3,70.70,18,"Southern Alaska"
ak,10645683,1,"Sunday, January 27, 2013 12:39:15 UTC",63.6111,-147.5207,1.7,0.10,12,"Central Alaska"
nc,71929596,2,"Sunday, January 27, 2013 12:35:59 UTC",38.8342,-122.7750,1.1,2.50,23,"Northern California"
pr,13027003,0,"Sunday, January 27, 2013 12:34:30 UTC",19.0702,-63.7918,3.2,9.00, 8,"Virgin Islands region"
nc,71929591,0,"Sunday, January 27, 2013 12:21:35 UTC",38.8285,-122.8515,1.0,2.60,23,"Northern California"
ak,10645675,1,"Sunday, January 27, 2013 12:07:37 UTC",62.1572,-149.7106,1.5,24.50, 9,"Central Alaska"
ak,10645671,1,"Sunday, January 27, 2013 12:00:08 UTC",60.3004,-151.1913,1.8,8.50,12,"Kenai Peninsula, Alaska"
pr,13027002,0,"Sunday, January 27, 2013 11:47:25 UTC",17.9853,-65.3796,2.5,17.00,11,"Puerto Rico region"
us,c000ewdp,8,"Sunday, January 27, 2013 11:39:12 UTC",32.3908,141.8446,4.6,34.40,67,"Izu Islands, Japan region"
ak,10645665,1,"Sunday, January 27, 2013 11:35:14 UTC",59.9111,-140.1559,2.4,10.30,17,"Southeastern Alaska"
ak,10645662,2,"Sunday, January 27, 2013 11:23:25 UTC",52.6818,-169.5304,3.7,5.40,15,"Fox Islands, Aleutian Islands, Alaska"
pr,13027001,0,"Sunday, January 27, 2013 11:06:44 UTC",18.0860,-66.0725,3.0,22.00,22,"Puerto Rico"
ak,10645659,1,"Sunday, January 27, 2013 10:56:57 UTC",63.1523,-151.3558,1.6,5.00, 7,"Central Alaska"
nc,71929581,2,"Sunday, January 27, 2013 10:51:44 UTC",36.0133,-120.9625,1.6,6.50,41,"Central California"
nc,71929576,2,"Sunday, January 27, 2013 10:32:54 UTC",36.2892,-120.8388,1.5,8.60,34,"Central California"
ak,10645652,1,"Sunday, January 27, 2013 10:18:10 UTC",60.0636,-141.1076,2.0,12.10, 5,"Southern Alaska"
ak,10645646,1,"Sunday, January 27, 2013 10:17:59 UTC",59.9279,-151.3173,1.7,70.00, 8,"Kenai Peninsula, Alaska"
ak,10645655,2,"Sunday, January 27, 2013 10:17:58 UTC",59.7946,-151.4453,2.0,79.10,17,"Kenai Peninsula, Alaska"
us,c000ewcv,A,"Sunday, January 27, 2013 09:59:27 UTC",-16.1052,-173.2403,5.7,8.60,512,"Tonga"
nc,71929561,0,"Sunday, January 27, 2013 09:55:01 UTC",38.8432,-122.8318,1.2,2.30,19,"Northern California"
ci,15278169,2,"Sunday, January 27, 2013 09:31:24 UTC",34.0232,-117.2253,1.0,12.10,14,"Greater Los Angeles area, California"
ak,10645632,1,"Sunday, January 27, 2013 09:19:59 UTC",60.2673,-148.7615,1.9,12.30, 7,"Kenai Peninsula, Alaska"
nc,71929556,2,"Sunday, January 27, 2013 09:14:59 UTC",38.5153,-122.2952,1.8,1.30,32,"Northern California"
nc,71929551,3,"Sunday, January 27, 2013 08:59:09 UTC",39.6343,-121.9843,1.3,15.30,14,"Northern California"
nn,00401026,9,"Sunday, January 27, 2013 08:53:18 UTC",38.6459,-118.3146,1.0,4.00, 4,"Nevada"
ak,10645628,2,"Sunday, January 27, 2013 08:48:54 UTC",51.5696,-178.6676,2.1,25.80,11,"Andreanof Islands, Aleutian Islands, Alaska"
ak,10645794,2,"Sunday, January 27, 2013 08:46:36 UTC",52.2451,-175.4162,3.2,230.80,10,"Andreanof Islands, Aleutian Islands, Alaska"
uu,60011562,4,"Sunday, January 27, 2013 08:45:51 UTC",44.4425,-111.0167,1.3,6.40,14,"Yellowstone National Park, Wyoming"
ak,10645621,1,"Sunday, January 27, 2013 08:34:04 UTC",62.2322,-149.8804,1.7,16.40, 9,"Central Alaska"
ci,15278145,0,"Sunday, January 27, 2013 08:25:05 UTC",32.7878,-116.6390,1.7,18.00,48,"Southern California"
nn,00401024,9,"Sunday, January 27, 2013 08:22:06 UTC",39.5374,-119.9683,1.5,6.20,19,"Nevada"
nc,71929541,1,"Sunday, January 27, 2013 08:21:46 UTC",38.5257,-122.6568,1.7,6.40,14,"Northern California"
ak,10645612,1,"Sunday, January 27, 2013 08:03:59 UTC",62.9425,-148.8327,1.3,9.10, 5,"Central Alaska"
us,c000ewc9,5,"Sunday, January 27, 2013 07:46:59 UTC",-58.8344,-25.2205,4.7,35.00,18,"South Sandwich Islands region"
us,c000ewc1,6,"Sunday, January 27, 2013 07:24:33 UTC",-58.7570,-25.2290,4.7,35.00,18,"South Sandwich Islands region"
ci,15278137,0,"Sunday, January 27, 2013 07:21:36 UTC",32.8990,-116.2652,1.7,7.10,70,"Southern California"
hv,60459571,2,"Sunday, January 27, 2013 06:55:59 UTC",19.3362,-155.1438,2.3,4.80,39,"Island of Hawaii, Hawaii"
nn,00401021,9,"Sunday, January 27, 2013 06:45:49 UTC",38.5242,-118.1547,1.4,8.50, 8,"Nevada"
ci,15278121,0,"Sunday, January 27, 2013 06:40:21 UTC",34.0218,-117.2275,1.2,12.30,43,"Greater Los Angeles area, California"
ak,10645597,1,"Sunday, January 27, 2013 06:28:14 UTC",62.0949,-150.5379,1.6,14.50,11,"Central Alaska"
nc,71929516,1,"Sunday, January 27, 2013 06:20:29 UTC",38.8255,-122.8258,1.3,2.70,26,"Northern California"
nn,00401018,9,"Sunday, January 27, 2013 06:16:16 UTC",38.5383,-118.1550,1.6,5.40,13,"Nevada"
nc,71929511,0,"Sunday, January 27, 2013 06:14:37 UTC",38.8188,-122.7627,1.2,2.10,24,"Northern California"
ci,15278097,0,"Sunday, January 27, 2013 06:14:36 UTC",34.0190,-117.2298,1.7,12.30,120,"Greater Los Angeles area, California"
ci,15278073,0,"Sunday, January 27, 2013 06:00:41 UTC",34.0193,-117.2310,2.1,13.10,136,"Greater Los Angeles area, California"
ci,15278041,2,"Sunday, January 27, 2013 05:54:00 UTC",34.0177,-117.2270,1.0,12.40,68,"Greater Los Angeles area, California"
ci,15278033,2,"Sunday, January 27, 2013 05:45:13 UTC",34.0202,-117.2305,1.0,12.30,41,"Greater Los Angeles area, California"
ci,15278025,0,"Sunday, January 27, 2013 05:42:20 UTC",34.0215,-117.2305,1.6,12.20,105,"Greater Los Angeles area, California"
hv,60459556,1,"Sunday, January 27, 2013 05:31:56 UTC",19.1975,-155.5177,1.9,38.40,33,"Island of Hawaii, Hawaii"
us,c000ewba,6,"Sunday, January 27, 2013 05:06:48 UTC",31.5032,103.3783,4.3,21.80,28,"eastern Sichuan, China"
nc,71929481,1,"Sunday, January 27, 2013 05:03:01 UTC",38.8292,-122.8065,1.4,1.00,27,"Northern California"
ci,15278017,0,"Sunday, January 27, 2013 04:59:04 UTC",36.0403,-117.3477,1.6,3.70,22,"Central California"
ak,10645573,1,"Sunday, January 27, 2013 04:55:09 UTC",65.2271,-149.5118,1.3,9.80, 7,"northern Alaska"
nc,71929476,3,"Sunday, January 27, 2013 04:51:48 UTC",39.5465,-122.0043,1.9,14.10,29,"Northern California"
nn,00401016,9,"Sunday, January 27, 2013 04:45:26 UTC",37.1952,-114.5805,1.9,0.40, 6,"Nevada"
ak,10645569,2,"Sunday, January 27, 2013 04:44:24 UTC",53.6139,-165.8601,1.6,8.70,12,"Fox Islands, Aleutian Islands, Alaska"
ak,10645568,2,"Sunday, January 27, 2013 04:41:15 UTC",54.5007,-161.2490,2.0,4.80, 8,"Alaska Peninsula"
ak,10645566,2,"Sunday, January 27, 2013 04:35:45 UTC",52.2776,-175.7020,2.0,216.70,10,"Andreanof Islands, Aleutian Islands, Alaska"
ak,10645564,1,"Sunday, January 27, 2013 04:16:45 UTC",62.1046,-150.7022,1.7,73.20,13,"Central Alaska"
hv,60459531,2,"Sunday, January 27, 2013 04:15:57 UTC",19.4065,-155.2635,2.3,14.50,52,"Island of Hawaii, Hawaii"
ak,10645555,1,"Sunday, January 27, 2013 04:14:35 UTC",63.5132,-150.8324,1.6,0.00,11,"Central Alaska"
ci,15278009,0,"Sunday, January 27, 2013 04:07:44 UTC",32.9112,-116.2460,1.3,6.50,34,"Southern California"
us,c000ewb3,7,"Sunday, January 27, 2013 04:05:42 UTC",-5.1704,102.9402,5.0,58.10,75,"southern Sumatra, Indonesia"
ci,15278001,0,"Sunday, January 27, 2013 03:54:27 UTC",35.5633,-118.5257,1.7,0.20,18,"Central California"
hv,60459521,1,"Sunday, January 27, 2013 03:50:13 UTC",19.2960,-155.3797,1.7,4.10, 8,"Island of Hawaii, Hawaii"
hv,60459516,5,"Sunday, January 27, 2013 03:43:56 UTC",19.9247,-155.5365,3.2,21.10,72,"Island of Hawaii, Hawaii"
ak,10645533,1,"Sunday, January 27, 2013 03:25:17 UTC",62.1638,-149.5764,1.6,42.90,12,"Central Alaska"
ak,10645528,1,"Sunday, January 27, 2013 03:18:17 UTC",63.2917,-149.2427,2.1,0.00,28,"Central Alaska"
us,c000ewax,6,"Sunday, January 27, 2013 03:17:57 UTC",34.2925,-106.7086,2.9,5.00,25,"New Mexico"
ci,15277993,0,"Sunday, January 27, 2013 02:47:04 UTC",33.6293,-116.6872,1.5,16.60,60,"Southern California"
nc,71929446,2,"Sunday, January 27, 2013 02:24:30 UTC",37.5802,-122.5008,1.2,6.90,21,"San Francisco Bay area, California"
ci,15277977,0,"Sunday, January 27, 2013 02:17:27 UTC",33.0542,-116.4355,1.0,7.00,26,"Southern California"
nc,71929426,1,"Sunday, January 27, 2013 01:55:51 UTC",36.8237,-121.5548,2.8,5.40,58,"Central California"
uu,60011542,2,"Sunday, January 27, 2013 01:38:21 UTC",44.8398,-110.2313,1.1,8.10, 6,"Yellowstone National Park, Wyoming"
nc,71929416,4,"Sunday, January 27, 2013 01:32:20 UTC",37.6378,-119.3767,1.1,7.20,13,"Central California"
nc,71929411,1,"Sunday, January 27, 2013 01:23:15 UTC",38.7873,-122.7625,1.5,1.20,23,"Northern California"
us,c000ewag,4,"Sunday, January 27, 2013 00:56:18 UTC",-44.6350,37.4337,4.8,15.20,21,"Prince Edward Islands region"
hv,60459466,2,"Sunday, January 27, 2013 00:34:27 UTC",19.3460,-155.0892,2.5,6.90,35,"Island of Hawaii, Hawaii"
pr,13027000,0,"Sunday, January 27, 2013 00:29:54 UTC",18.0025,-65.6183,2.4,18.00, 5,"Puerto Rico region"
us,c000ewaa,5,"Sunday, January 27, 2013 00:27:18 UTC",-9.5294,121.8910,4.9,59.50,55,"Savu Sea"
nc,71929386,2,"Sunday, January 27, 2013 00:24:22 UTC",36.2983,-120.8752,1.1,5.10,11,"Central California"
ak,10645501,1,"Sunday, January 27, 2013 00:04:28 UTC",60.1621,-150.5398,2.6,35.10,12,"Kenai Peninsula, Alaska"
ak,10645497,2,"Sunday, January 27, 2013 00:04:18 UTC",61.6813,-151.5137,2.2,74.60,23,"Southern Alaska"
ak,10645491,1,"Saturday, January 26, 2013 22:47:33 UTC",63.2819,-152.3386,1.3,9.40, 4,"Central Alaska"
nn,00400996,9,"Saturday, January 26, 2013 22:13:21 UTC",38.1556,-118.0311,1.6,0.00, 9,"Nevada"
ci,15277945,0,"Saturday, January 26, 2013 22:09:24 UTC",32.9265,-116.3025,1.8,5.10,75,"Southern California"
nc,71929331,1,"Saturday, January 26, 2013 22:01:24 UTC",38.0600,-118.9428,2.0,8.50,27,"Central California"
nc,71929326,0,"Saturday, January 26, 2013 21:54:11 UTC",38.7878,-122.7622,1.0,1.60,16,"Northern California"
nn,00400985,9,"Saturday, January 26, 2013 21:38:24 UTC",38.1484,-117.9847,1.4,6.10,12,"Nevada"
ak,10645479,2,"Saturday, January 26, 2013 21:19:45 UTC",51.6242,-175.9108,1.1,42.30, 9,"Andreanof Islands, Aleutian Islands, Alaska"
ak,10645475,2,"Saturday, January 26, 2013 21:01:43 UTC",51.5409,-177.7764,1.4,47.90,11,"Andreanof Islands, Aleutian Islands, Alaska"
ci,15277913,0,"Saturday, January 26, 2013 20:38:03 UTC",33.1673,-116.4290,1.5,14.30,58,"Southern California"
ci,15277897,0,"Saturday, January 26, 2013 20:33:08 UTC",33.0172,-116.4447,1.3,11.00,37,"Southern California"
nm,012813b,A,"Saturday, January 26, 2013 20:25:37 UTC",35.2933,-92.3078,2.0,7.00,11,"Arkansas"
ci,15277889,2,"Saturday, January 26, 2013 20:16:47 UTC",34.3433,-116.8777,1.0,0.00,18,"Southern California"
ci,15277881,0,"Saturday, January 26, 2013 20:06:02 UTC",34.2008,-117.3937,1.3,12.20,33,"Greater Los Angeles area, California"
ci,15277873,2,"Saturday, January 26, 2013 19:52:53 UTC",34.3325,-116.8812,1.1,0.00,10,"Southern California"
nc,71929286,1,"Saturday, January 26, 2013 19:23:34 UTC",38.7970,-122.7798,1.9,3.90,36,"Northern California"
uu,60011502,2,"Saturday, January 26, 2013 19:16:20 UTC",37.6882,-112.3940,1.2,4.10,14,"Utah"
nc,71929281,0,"Saturday, January 26, 2013 18:52:09 UTC",40.1442,-123.8402,1.7,22.10, 5,"Northern California"
nc,71929271,1,"Saturday, January 26, 2013 18:39:24 UTC",37.1773,-122.3432,2.7,10.30,56,"Northern California"
nc,71929266,2,"Saturday, January 26, 2013 18:24:12 UTC",36.1458,-120.2477,1.5,7.60,28,"Central California"
ci,15277849,0,"Saturday, January 26, 2013 17:56:46 UTC",33.0387,-116.4440,1.7,9.10,84,"Southern California"
nc,71929251,2,"Saturday, January 26, 2013 17:51:08 UTC",36.2732,-120.8367,1.8,7.70,33,"Central California"
nc,71929246,4,"Saturday, January 26, 2013 17:49:43 UTC",36.2697,-120.8417,3.4,7.60,75,"Central California"
nc,71929236,2,"Saturday, January 26, 2013 17:46:13 UTC",36.7370,-121.4063,1.4,7.20,29,"Central California"
us,c000ew2h,6,"Saturday, January 26, 2013 17:31:13 UTC",5.4858,127.0480,5.0,119.70,63,"Philippine Islands region"
nc,71929201,2,"Saturday, January 26, 2013 16:59:55 UTC",36.2708,-120.8405,2.0,7.50,64,"Central California"
nc,71929191,1,"Saturday, January 26, 2013 16:52:03 UTC",38.7952,-122.8060,1.3,3.10,28,"Northern California"
us,c000evyz,8,"Saturday, January 26, 2013 16:25:05 UTC",64.3717,-130.8106,3.8,10.00,38,"Northwest Territories, Canada"
nn,00400967,9,"Saturday, January 26, 2013 15:58:40 UTC",38.9462,-118.6960,1.4,14.10,11,"Nevada"
us,c000evx5,A,"Saturday, January 26, 2013 15:41:16 UTC",39.7489,77.3028,4.8,35.30,34,"southern Xinjiang, China"
nc,71929161,3,"Saturday, January 26, 2013 15:22:49 UTC",36.0755,-120.6473,1.1,2.00,34,"Central California"
nc,71929156,0,"Saturday, January 26, 2013 15:10:53 UTC",38.8378,-122.8487,1.4,1.30,21,"Northern California"
us,c000evwx,5,"Saturday, January 26, 2013 15:10:51 UTC",38.2948,46.8144,4.8,18.40,35,"northwestern Iran"
uw,60497617,3,"Saturday, January 26, 2013 15:10:00 UTC",47.8815,-121.6528,1.7,8.80,31,"Washington"
nn,00400963,9,"Saturday, January 26, 2013 15:08:21 UTC",38.5208,-119.3996,1.4,1.10, 9,"Central California"
nn,00400962,9,"Saturday, January 26, 2013 14:34:28 UTC",38.5146,-119.4199,1.2,4.00, 8,"Central California"
ak,10645400,1,"Saturday, January 26, 2013 14:32:26 UTC",62.3487,-149.0410,1.8,13.50, 9,"Central Alaska"
ci,15277745,0,"Saturday, January 26, 2013 14:11:24 UTC",33.3773,-116.8410,1.1,9.50,51,"Southern California"
ci,15277737,0,"Saturday, January 26, 2013 14:04:25 UTC",35.4860,-118.2897,1.6,8.20,25,"Central California"
ci,15277729,0,"Saturday, January 26, 2013 14:02:40 UTC",36.0778,-117.8785,2.3,0.40,24,"Central California"
ci,15277713,0,"Saturday, January 26, 2013 14:00:34 UTC",32.5807,-115.7012,1.6,8.90,25,"Baja California, Mexico"
ak,10645390,1,"Saturday, January 26, 2013 13:23:57 UTC",62.0858,-145.1873,1.9,9.10,11,"Central Alaska"
nc,71929141,5,"Saturday, January 26, 2013 13:10:38 UTC",39.8178,-123.6297,3.5,7.30,25,"Northern California"
ci,15277697,0,"Saturday, January 26, 2013 12:52:13 UTC",34.0417,-117.2505,1.3,19.90,68,"Greater Los Angeles area, California"
nc,71929131,2,"Saturday, January 26, 2013 12:46:43 UTC",38.8170,-122.8157,1.9,2.50,36,"Northern California"
nc,71929126,1,"Saturday, January 26, 2013 12:46:43 UTC",38.8168,-122.8152,2.0,2.70,35,"Northern California"
nc,71929121,0,"Saturday, January 26, 2013 12:34:08 UTC",38.8205,-122.7635,1.0,2.40,18,"Northern California"
nc,71929106,2,"Saturday, January 26, 2013 12:10:44 UTC",35.5607,-120.8107,1.4,4.80,52,"Central California"
ak,10645373,1,"Saturday, January 26, 2013 11:51:59 UTC",63.2206,-147.1090,1.7,1.00, 9,"Central Alaska"
ak,10645366,1,"Saturday, January 26, 2013 11:32:45 UTC",59.4485,-153.5812,3.1,131.40,50,"Southern Alaska"
nc,71929081,3,"Saturday, January 26, 2013 11:23:30 UTC",38.8063,-122.7975,2.0,3.40,52,"Northern California"
ci,15277673,0,"Saturday, January 26, 2013 11:17:49 UTC",32.6072,-115.6902,1.4,11.80,21,"Baja California, Mexico"
ak,10645358,1,"Saturday, January 26, 2013 11:15:04 UTC",63.3318,-144.6958,1.4,13.80, 6,"Central Alaska"
ak,10645355,1,"Saturday, January 26, 2013 11:12:30 UTC",60.3764,-152.1975,2.4,117.70,17,"Southern Alaska"
ci,15277665,0,"Saturday, January 26, 2013 11:12:21 UTC",34.8777,-120.3227,1.8,0.70,13,"Central California"
us,c000evw5,6,"Saturday, January 26, 2013 11:01:41 UTC",-6.1335,149.8114,4.9,41.30,65,"New Britain region, Papua New Guinea"
ci,15277657,0,"Saturday, January 26, 2013 10:48:29 UTC",32.4860,-115.5793,1.5,9.60,15,"Baja California, Mexico"
ci,15277649,0,"Saturday, January 26, 2013 10:33:58 UTC",34.1245,-117.4122,1.2,5.80,54,"Greater Los Angeles area, California"
ak,10645348,1,"Saturday, January 26, 2013 10:19:00 UTC",63.3213,-145.2150,1.6,0.00, 8,"Central Alaska"
hv,60458951,1,"Saturday, January 26, 2013 10:12:19 UTC",19.3815,-155.2430,1.8,2.10,11,"Island of Hawaii, Hawaii"
hv,60458946,1,"Saturday, January 26, 2013 10:12:06 UTC",19.3770,-155.2420,1.7,2.50,16,"Island of Hawaii, Hawaii"
hv,60458941,1,"Saturday, January 26, 2013 10:11:59 UTC",19.3768,-155.2388,1.8,3.20,10,"Island of Hawaii, Hawaii"
hv,60458936,2,"Saturday, January 26, 2013 10:11:03 UTC",19.3783,-155.2393,2.1,2.20,14,"Island of Hawaii, Hawaii"
hv,60458931,2,"Saturday, January 26, 2013 10:08:41 UTC",19.3818,-155.2363,2.9,0.10,25,"Island of Hawaii, Hawaii"
hv,60458926,5,"Saturday, January 26, 2013 10:08:33 UTC",19.3780,-155.2417,2.1,2.70,36,"Island of Hawaii, Hawaii"
uw,60497597,3,"Saturday, January 26, 2013 10:06:52 UTC",48.2052,-121.7630,1.8,9.60,27,"Washington"
ak,10645333,1,"Saturday, January 26, 2013 10:06:44 UTC",63.9433,-149.0765,1.5,0.00, 9,"Central Alaska"
ak,10645329,1,"Saturday, January 26, 2013 09:57:17 UTC",60.0108,-152.7333,2.6,95.00,30,"Southern Alaska"
nn,00400957,9,"Saturday, January 26, 2013 09:44:06 UTC",38.5611,-119.6157,1.3,12.00, 4,"Northern California"
nn,00400956,9,"Saturday, January 26, 2013 09:39:03 UTC",38.1593,-118.0075,1.4,4.10,11,"Nevada"
us,c000evvj,6,"Saturday, January 26, 2013 09:36:41 UTC",13.1058,-89.2238,4.5,76.50,60,"offshore El Salvador"
nm,012613a,A,"Saturday, January 26, 2013 09:34:11 UTC",35.2596,-92.3338,2.0,6.90,15,"Arkansas"
nc,71929041,0,"Saturday, January 26, 2013 09:13:51 UTC",38.8077,-122.7797,1.2,2.20,21,"Northern California"
hv,60458881,2,"Saturday, January 26, 2013 09:09:42 UTC",19.3872,-155.2822,2.4,3.10,25,"Island of Hawaii, Hawaii"
ak,10645321,1,"Saturday, January 26, 2013 08:53:37 UTC",65.9677,-150.3247,1.6,0.00, 8,"northern Alaska"
ak,10645315,1,"Saturday, January 26, 2013 08:12:52 UTC",63.5410,-147.3036,1.8,0.20,18,"Central Alaska"
ak,10645306,1,"Saturday, January 26, 2013 07:41:19 UTC",61.6783,-149.6409,2.0,39.20,24,"Southern Alaska"
ak,10645305,1,"Saturday, January 26, 2013 07:40:46 UTC",60.4754,-141.2440,1.8,19.90,10,"Southern Alaska"
uu,60011482,4,"Saturday, January 26, 2013 07:27:35 UTC",39.6257,-111.1457,1.7,0.20,24,"Utah"
ci,15277625,0,"Saturday, January 26, 2013 07:21:24 UTC",33.7777,-116.1615,1.3,6.30,60,"Southern California"
ci,15277617,0,"Saturday, January 26, 2013 06:17:50 UTC",32.6210,-115.7193,2.0,8.10,39,"Baja California, Mexico"
nc,71929011,1,"Saturday, January 26, 2013 06:12:45 UTC",38.8375,-122.8482,1.7,1.50,26,"Northern California"
ci,15277609,0,"Saturday, January 26, 2013 06:00:21 UTC",33.0210,-116.5310,1.2,16.30,26,"Southern California"
ci,15277601,0,"Saturday, January 26, 2013 05:48:37 UTC",33.3815,-116.7928,1.0,6.80,30,"Southern California"
nn,00400954,9,"Saturday, January 26, 2013 05:42:18 UTC",38.5484,-119.6269,1.0,8.50, 7,"Northern California"
ak,10645287,2,"Saturday, January 26, 2013 05:28:45 UTC",61.6291,-151.5557,3.4,76.50,75,"Southern Alaska"
us,c000evua,8,"Saturday, January 26, 2013 05:16:01 UTC",34.5712,24.0953,4.3,10.00,71,"Crete, Greece"
hv,60458721,1,"Saturday, January 26, 2013 05:12:55 UTC",19.2875,-155.4388,1.8,0.00,15,"Island of Hawaii, Hawaii"
pr,13026000,0,"Saturday, January 26, 2013 04:58:39 UTC",18.9839,-66.2009,3.2,123.00, 5,"Puerto Rico region"
hv,60458711,1,"Saturday, January 26, 2013 04:40:24 UTC",19.6533,-155.6588,1.9,15.20,30,"Island of Hawaii, Hawaii"
ak,10645273,1,"Saturday, January 26, 2013 03:40:28 UTC",63.3845,-151.1431,2.7,1.30,28,"Central Alaska"
nc,71928976,2,"Saturday, January 26, 2013 03:26:40 UTC",37.5582,-121.8288,1.0,8.30,11,"San Francisco Bay area, California"
nc,71928971,2,"Saturday, January 26, 2013 03:18:27 UTC",38.7387,-122.9753,1.1,3.90,10,"Northern California"
ci,15277585,0,"Saturday, January 26, 2013 02:56:37 UTC",33.7785,-116.1608,1.1,6.30,50,"Southern California"
uu,60011457,4,"Saturday, January 26, 2013 02:44:00 UTC",44.3487,-110.6758,1.5,3.60,15,"Yellowstone National Park, Wyoming"
uu,60011452,2,"Saturday, January 26, 2013 02:38:04 UTC",44.3498,-110.6752,1.3,3.40,13,"Yellowstone National Park, Wyoming"
nc,71928936,2,"Saturday, January 26, 2013 02:34:42 UTC",37.5202,-118.6663,1.2,13.90,30,"Central California"
nc,71928921,4,"Saturday, January 26, 2013 02:25:01 UTC",37.5577,-121.8278,1.4,8.30,28,"San Francisco Bay area, California"
nc,71928916,5,"Saturday, January 26, 2013 02:12:12 UTC",37.3537,-121.7203,2.2,6.20,86,"San Francisco Bay area, California"
nc,71928911,1,"Saturday, January 26, 2013 02:03:29 UTC",40.5313,-122.2515,2.9,30.60,20,"Northern California"
ak,10645157,1,"Saturday, January 26, 2013 01:29:23 UTC",63.3364,-145.2057,1.5,0.00,10,"Central Alaska"
ak,10645156,1,"Saturday, January 26, 2013 01:24:18 UTC",60.2413,-152.2024,1.4,51.20,10,"Southern Alaska"
ak,10645139,1,"Saturday, January 26, 2013 01:11:51 UTC",63.3625,-145.3227,3.2,0.30,37,"Central Alaska"
nc,71928871,0,"Saturday, January 26, 2013 01:04:42 UTC",38.8145,-122.8152,1.1,2.60,15,"Northern California"
nc,71928861,1,"Saturday, January 26, 2013 00:59:17 UTC",37.8828,-122.2272,1.8,7.90,41,"San Francisco Bay area, California"
ci,15277545,0,"Saturday, January 26, 2013 00:55:01 UTC",33.7778,-116.1613,1.4,6.10,62,"Southern California"
nn,00400946,9,"Saturday, January 26, 2013 00:45:25 UTC",40.0897,-119.6555,1.0,12.70,11,"Nevada"
ak,10644925,1,"Saturday, January 26, 2013 00:18:08 UTC",65.0142,-147.3400,1.6,12.40, 8,"northern Alaska"
ak,10644924,2,"Saturday, January 26, 2013 00:03:40 UTC",51.1302,179.3504,2.9,11.10, 9,"Rat Islands, Aleutian Islands, Alaska"
nc,71928836,1,"Friday, January 25, 2013 23:50:54 UTC",38.8372,-122.8490,1.4,1.40,25,"Northern California"
us,c000evr6,7,"Friday, January 25, 2013 23:37:01 UTC",-23.6541,43.5530,5.3,14.00,217,"Madagascar"
nc,71928831,2,"Friday, January 25, 2013 23:31:40 UTC",38.0557,-118.9470,1.3,0.10,22,"Central California"
nc,71928816,0,"Friday, January 25, 2013 23:04:48 UTC",38.8353,-122.7837,1.2,2.30,19,"Northern California"
us,c000evqn,4,"Friday, January 25, 2013 22:40:56 UTC",9.4380,126.0995,4.7,83.70,51,"Mindanao, Philippines"
ak,10644904,1,"Friday, January 25, 2013 22:38:10 UTC",58.2593,-155.1220,1.5,1.90, 5,"Alaska Peninsula"
nc,71928796,2,"Friday, January 25, 2013 22:33:47 UTC",36.0785,-120.6430,1.1,2.20,20,"Central California"
ci,15277513,2,"Friday, January 25, 2013 22:21:56 UTC",33.7802,-116.1640,2.0,6.60,94,"Southern California"
uw,60497447,1,"Friday, January 25, 2013 22:13:02 UTC",49.4560,-120.4995,2.4,0.00,12,"British Columbia, Canada"
ak,10644890,1,"Friday, January 25, 2013 22:11:55 UTC",63.2658,-151.3385,1.3,16.10, 4,"Central Alaska"
nc,71928766,2,"Friday, January 25, 2013 22:05:53 UTC",37.3235,-122.1078,1.4,0.00,12,"San Francisco Bay area, California"
nn,00400936,9,"Friday, January 25, 2013 22:05:49 UTC",38.5611,-119.6157,1.0,8.00, 9,"Northern California"
ak,10644876,1,"Friday, January 25, 2013 21:44:57 UTC",62.8756,-148.1345,1.0,56.70, 5,"Central Alaska"
ak,10644865,1,"Friday, January 25, 2013 21:31:50 UTC",63.5667,-150.7873,1.8,4.80, 9,"Central Alaska"
mb,13930962,2,"Friday, January 25, 2013 21:14:36 UTC",47.4443,-116.0146,1.9,2.00,21,"northern Idaho"
nc,71928756,0,"Friday, January 25, 2013 21:10:25 UTC",38.7558,-122.7395,1.0,3.80, 7,"Northern California"
us,c000evlt,4,"Friday, January 25, 2013 21:08:43 UTC",38.4261,73.3574,4.2,118.50,22,"Tajikistan"
nc,71928746,5,"Friday, January 25, 2013 20:53:18 UTC",40.3295,-124.6727,2.6,25.40,42,"offshore Northern California"
ak,10644843,1,"Friday, January 25, 2013 20:31:03 UTC",60.6546,-150.9223,1.9,15.70,10,"Kenai Peninsula, Alaska"
pr,13025004,0,"Friday, January 25, 2013 20:25:04 UTC",19.4892,-65.5002,3.3,87.00,10,"Puerto Rico region"
ak,10644838,1,"Friday, January 25, 2013 20:23:26 UTC",61.9375,-148.2923,2.0,23.50,15,"Southern Alaska"
nc,71928716,1,"Friday, January 25, 2013 19:55:28 UTC",38.8350,-122.7722,1.7,2.70,30,"Northern California"
us,c000evi7,A,"Friday, January 25, 2013 19:53:28 UTC",-24.1408,-65.3074,5.1,41.90,154,"Jujuy, Argentina"
us,c000evhf,D,"Friday, January 25, 2013 19:43:03 UTC",49.7278,155.6950,4.9,62.70,222,"Kuril Islands"
nc,71928696,2,"Friday, January 25, 2013 19:12:35 UTC",36.5573,-121.0743,1.0,7.20,12,"Central California"
us,c000evg1,4,"Friday, January 25, 2013 18:52:26 UTC",43.3369,18.7652,4.2,11.00,56,"Bosnia and Herzegovina"
nc,71928686,3,"Friday, January 25, 2013 18:51:53 UTC",36.0028,-120.5617,2.0,4.40,76,"Central California"
uw,60497417,1,"Friday, January 25, 2013 18:35:04 UTC",47.1993,-121.8933,1.5,8.10,33,"Washington"
ci,15277457,4,"Friday, January 25, 2013 18:23:06 UTC",34.6292,-117.2993,1.2,0.00,22,"Southern California"
ci,15277449,2,"Friday, January 25, 2013 18:08:35 UTC",34.6760,-116.3478,1.8,3.70,45,"Southern California"
us,c000evei,6,"Friday, January 25, 2013 17:46:18 UTC",29.3787,132.1969,4.8,9.70,105,"southeast of Shikoku, Japan"
nc,71928651,8,"Friday, January 25, 2013 17:38:58 UTC",38.2393,-122.0590,2.9,8.30,151,"Northern California"
ak,10644754,1,"Friday, January 25, 2013 17:20:59 UTC",61.5897,-150.3616,1.9,48.90,18,"Southern Alaska"
nc,71928641,0,"Friday, January 25, 2013 17:00:48 UTC",38.8185,-122.8185,1.2,2.80,24,"Northern California"
ci,15277441,2,"Friday, January 25, 2013 16:57:09 UTC",34.6292,-117.2953,1.2,2.90,27,"Southern California"
ci,15277433,2,"Friday, January 25, 2013 16:48:02 UTC",32.9878,-116.2218,1.7,9.20,80,"Southern California"
nc,71928626,1,"Friday, January 25, 2013 16:34:25 UTC",38.8175,-122.8183,1.6,2.80,32,"Northern California"
nc,71928616,5,"Friday, January 25, 2013 16:10:58 UTC",36.0012,-120.5598,2.8,5.00,91,"Central California"
ak,10644734,1,"Friday, January 25, 2013 15:53:53 UTC",62.1888,-151.1625,1.8,84.30,17,"Central Alaska"
ak,10644730,1,"Friday, January 25, 2013 15:48:19 UTC",62.1963,-149.4614,1.7,9.60,11,"Central Alaska"
uu,60011387,4,"Friday, January 25, 2013 15:44:37 UTC",37.4665,-112.2768,2.3,17.00,17,"Utah"
nn,00400893,9,"Friday, January 25, 2013 15:22:16 UTC",38.1574,-118.0231,1.5,0.00,18,"Nevada"
nn,00400891,9,"Friday, January 25, 2013 15:20:29 UTC",38.1510,-118.0252,1.9,5.70,15,"Nevada"
nc,71928591,2,"Friday, January 25, 2013 15:19:27 UTC",37.4752,-118.8403,1.5,6.00,38,"Central California"
nn,00400886,9,"Friday, January 25, 2013 15:04:05 UTC",38.1571,-118.0315,1.4,0.00,10,"Nevada"
us,c000evax,8,"Friday, January 25, 2013 14:48:18 UTC",44.2804,10.5269,5.0,4.80,65,"northern Italy"
nc,71928566,3,"Friday, January 25, 2013 14:26:41 UTC",36.2408,-120.7948,1.2,6.50,19,"Central California"
ak,10644704,2,"Friday, January 25, 2013 14:22:08 UTC",60.1313,-153.1208,3.6,138.20,96,"Southern Alaska"
mb,13580113,2,"Friday, January 25, 2013 14:19:19 UTC",47.7295,-113.6868,1.3,9.80,15,"western Montana"
nc,71928556,1,"Friday, January 25, 2013 14:13:34 UTC",38.8248,-122.7908,1.1,3.30,25,"Northern California"
uu,60011377,2,"Friday, January 25, 2013 14:02:47 UTC",37.4637,-112.2798,1.2,13.90, 9,"Utah"
uu,60011372,4,"Friday, January 25, 2013 13:57:59 UTC",37.4687,-112.2757,1.7,15.90,16,"Utah"
uu,60011367,2,"Friday, January 25, 2013 13:56:28 UTC",37.4712,-112.2863,1.5,15.20,17,"Utah"
nc,71928536,0,"Friday, January 25, 2013 13:36:57 UTC",38.8128,-122.7842,1.2,1.70,20,"Northern California"
ak,10644694,2,"Friday, January 25, 2013 13:36:29 UTC",55.9029,-135.2982,3.5,10.00,19,"off the coast of Southeastern Alaska"
ak,10644686,1,"Friday, January 25, 2013 13:22:32 UTC",61.3620,-146.6503,2.5,19.70,32,"Southern Alaska"
uw,60497397,1,"Friday, January 25, 2013 13:18:04 UTC",47.8385,-122.2878,1.6,26.80,29,"Seattle-Tacoma urban area, Washington"
nc,71928531,0,"Friday, January 25, 2013 13:09:25 UTC",38.7792,-122.7532,1.1,2.00,20,"Northern California"
ak,10644683,1,"Friday, January 25, 2013 12:55:22 UTC",60.7766,-145.7255,1.8,57.10, 4,"Southern Alaska"
hv,60458386,5,"Friday, January 25, 2013 12:53:14 UTC",20.3130,-155.5697,2.3,37.20,43,"Hawaii region, Hawaii"
nn,00400879,9,"Friday, January 25, 2013 12:51:38 UTC",37.5377,-117.6049,1.3,10.00,11,"Nevada"
ak,10644667,2,"Friday, January 25, 2013 12:19:17 UTC",53.9156,-164.9646,2.1,34.20,12,"Unimak Island region, Alaska"
nc,71928526,2,"Friday, January 25, 2013 12:13:21 UTC",37.4817,-118.3855,1.8,9.60,26,"Central California"
us,c000ev9v,6,"Friday, January 25, 2013 12:11:24 UTC",31.7629,50.9462,5.1,10.00,138,"western Iran"
ak,10644662,1,"Friday, January 25, 2013 12:05:00 UTC",63.3898,-151.7756,1.8,6.60,11,"Central Alaska"
nc,71928511,3,"Friday, January 25, 2013 11:50:19 UTC",36.4688,-120.9468,2.6,10.20,76,"Central California"
uu,60011362,3,"Friday, January 25, 2013 11:26:07 UTC",44.4458,-110.9922,1.5,4.50, 8,"Yellowstone National Park, Wyoming"
ak,10644656,1,"Friday, January 25, 2013 11:09:46 UTC",62.0429,-145.1273,1.7,17.90, 6,"Central Alaska"
hv,60458356,1,"Friday, January 25, 2013 10:37:11 UTC",19.4585,-155.8743,1.8,16.50,10,"Island of Hawaii, Hawaii"
nc,71928481,2,"Friday, January 25, 2013 10:00:09 UTC",37.4705,-118.8413,1.1,6.60,33,"Central California"
ak,10644647,1,"Friday, January 25, 2013 09:49:09 UTC",64.5271,-149.3148,1.0,12.80, 4,"Central Alaska"
nc,71928471,0,"Friday, January 25, 2013 09:43:45 UTC",36.6292,-121.0413,1.1,21.40, 9,"Central California"
nc,71928466,1,"Friday, January 25, 2013 09:35:38 UTC",38.3165,-122.3948,2.0,10.20,23,"Northern California"
ak,10644636,1,"Friday, January 25, 2013 09:21:30 UTC",61.4820,-151.8816,1.9,3.10,19,"Southern Alaska"
uw,60497387,3,"Friday, January 25, 2013 09:11:56 UTC",48.4293,-122.5535,3.4,22.50,89,"San Juan Islands region, Washington"
nc,71928451,2,"Friday, January 25, 2013 09:11:20 UTC",40.2797,-121.0592,1.6,5.30,16,"Northern California"
uw,60497382,3,"Friday, January 25, 2013 08:58:33 UTC",44.4655,-124.6073,2.9,40.00,20,"offshore Oregon"
nc,71928446,2,"Friday, January 25, 2013 08:24:03 UTC",37.4715,-118.8410,1.0,6.30,24,"Central California"
ak,10644624,1,"Friday, January 25, 2013 08:17:30 UTC",63.3945,-150.1124,1.8,0.70,16,"Central Alaska"
nn,00400866,9,"Friday, January 25, 2013 08:16:27 UTC",38.5611,-119.6157,1.5,8.00, 8,"Northern California"
ak,10644625,2,"Friday, January 25, 2013 08:15:17 UTC",52.5805,-169.6091,3.1,9.60,15,"Fox Islands, Aleutian Islands, Alaska"
pr,13025003,0,"Friday, January 25, 2013 07:49:08 UTC",19.5454,-64.5783,3.2,83.00, 5,"Virgin Islands region"
nc,71928416,0,"Friday, January 25, 2013 07:19:39 UTC",38.7677,-122.7418,1.1,2.00, 9,"Northern California"
us,c000ev85,8,"Friday, January 25, 2013 07:01:19 UTC",31.9131,-94.4263,4.1,5.00,35,"eastern Texas"
uu,60011352,2,"Friday, January 25, 2013 06:53:23 UTC",42.0903,-112.4565,1.4,8.30,20,"southern Idaho"
ak,10644613,1,"Friday, January 25, 2013 06:49:23 UTC",63.2671,-151.2298,1.4,16.70, 6,"Central Alaska"
pr,13025002,0,"Friday, January 25, 2013 06:47:40 UTC",18.2259,-66.9749,1.9,28.00, 3,"Puerto Rico"
nc,71928401,3,"Friday, January 25, 2013 06:44:31 UTC",40.3787,-124.5460,2.2,24.70,22,"offshore Northern California"
us,c000ev83,5,"Friday, January 25, 2013 06:40:55 UTC",9.5960,-83.9640,3.6,8.30, 7,"Costa Rica"
nn,00400863,9,"Friday, January 25, 2013 06:39:40 UTC",38.5443,-119.6180,1.4,11.10,11,"Northern California"
ak,10644604,1,"Friday, January 25, 2013 06:37:23 UTC",60.8392,-151.4271,1.6,26.00,17,"Kenai Peninsula, Alaska"
ci,15277377,0,"Friday, January 25, 2013 06:35:22 UTC",32.7865,-116.6417,1.7,17.80,72,"Southern California"
uu,60011347,3,"Friday, January 25, 2013 06:21:19 UTC",37.7387,-113.0528,1.2,2.70,10,"Utah"
ak,10644599,1,"Friday, January 25, 2013 06:19:30 UTC",63.9972,-149.1481,1.5,154.50, 9,"Central Alaska"
nc,71928391,0,"Friday, January 25, 2013 06:17:28 UTC",37.0762,-121.4940,1.2,8.40,15,"Northern California"
pr,13025001,0,"Friday, January 25, 2013 06:12:17 UTC",18.1459,-64.7171,2.7,127.00, 8,"Virgin Islands region"
ci,15277369,0,"Friday, January 25, 2013 06:10:26 UTC",33.9553,-116.8632,1.4,6.50,72,"Southern California"
ak,10644590,1,"Friday, January 25, 2013 06:05:26 UTC",61.1097,-146.9942,1.7,17.30, 5,"Southern Alaska"
ci,15277361,2,"Friday, January 25, 2013 05:59:27 UTC",33.9550,-116.8607,1.1,7.70,66,"Southern California"
ak,10644586,1,"Friday, January 25, 2013 05:58:40 UTC",61.7877,-149.5605,1.5,38.50,13,"Southern Alaska"
nn,00400861,9,"Friday, January 25, 2013 05:58:33 UTC",38.5534,-119.6217,1.4,10.30,14,"Northern California"
ci,15277353,2,"Friday, January 25, 2013 05:45:03 UTC",33.3935,-116.3765,1.3,6.90,55,"Southern California"
ci,15277345,2,"Friday, January 25, 2013 05:38:42 UTC",33.6745,-116.7380,1.0,17.90,56,"Southern California"
ak,10644575,1,"Friday, January 25, 2013 05:37:25 UTC",62.8620,-150.8469,1.4,70.30, 5,"Central Alaska"
us,c000ev7m,4,"Friday, January 25, 2013 05:28:39 UTC",-55.8834,-28.1367,4.7,114.40,22,"South Sandwich Islands region"
nn,00400860,9,"Friday, January 25, 2013 05:28:20 UTC",38.5576,-119.6219,1.6,11.20,12,"Northern California"
nc,71928381,0,"Friday, January 25, 2013 05:23:09 UTC",38.5553,-119.6228,1.7,8.60,10,"Northern California"
ak,10644566,1,"Friday, January 25, 2013 05:20:21 UTC",58.2978,-151.2007,3.1,35.00,38,"Kodiak Island region, Alaska"
nc,71928376,3,"Friday, January 25, 2013 05:12:27 UTC",37.8827,-122.2317,2.0,8.30,122,"San Francisco Bay area, California"
us,c000ev7y,7,"Friday, January 25, 2013 05:00:15 UTC",4.9979,95.9604,4.5,7.00,40,"northern Sumatra, Indonesia"
nc,71928371,3,"Friday, January 25, 2013 04:50:51 UTC",38.8248,-122.8280,1.9,2.90,64,"Northern California"
nc,71928361,1,"Friday, January 25, 2013 04:43:57 UTC",38.7907,-122.7370,1.8,2.00,27,"Northern California"
pr,13025000,0,"Friday, January 25, 2013 04:34:28 UTC",18.1415,-64.0566,2.8,23.00,10,"Virgin Islands region"
ak,10644550,1,"Friday, January 25, 2013 04:33:35 UTC",57.3086,-154.8738,2.5,45.60,15,"Kodiak Island region, Alaska"
nn,00400858,9,"Friday, January 25, 2013 04:32:46 UTC",38.1496,-118.0313,1.9,6.80,13,"Nevada"
uw,60497357,3,"Friday, January 25, 2013 04:27:42 UTC",44.4572,-124.6863,2.8,35.30,19,"offshore Oregon"
nc,71928351,2,"Friday, January 25, 2013 04:24:42 UTC",40.0930,-123.7545,1.4,22.70,17,"Northern California"
nc,71928341,0,"Friday, January 25, 2013 04:13:19 UTC",38.5465,-119.6260,2.0,5.70, 9,"Northern California"
uw,60497347,2,"Friday, January 25, 2013 03:43:07 UTC",44.4613,-124.6598,3.4,36.70,15,"offshore Oregon"
nc,71928336,0,"Friday, January 25, 2013 03:35:46 UTC",38.8085,-122.8320,1.1,0.00, 9,"Northern California"
nn,00400851,9,"Friday, January 25, 2013 03:07:09 UTC",38.1574,-118.0231,1.2,0.00, 9,"Nevada"
ak,10644524,1,"Friday, January 25, 2013 02:38:25 UTC",62.9976,-149.5893,2.3,74.10,34,"Central Alaska"
hv,60458141,2,"Friday, January 25, 2013 02:30:58 UTC",19.4073,-155.2762,1.9,0.50,15,"Island of Hawaii, Hawaii"
ak,10644518,1,"Friday, January 25, 2013 02:30:32 UTC",61.3014,-150.8331,1.7,0.00,16,"Southern Alaska"
nc,71928306,0,"Friday, January 25, 2013 02:20:37 UTC",38.8248,-122.8245,1.0,2.70,20,"Northern California"
ci,15277321,2,"Friday, January 25, 2013 02:08:50 UTC",34.3052,-118.7157,1.5,10.60,22,"Greater Los Angeles area, California"
nc,71928296,3,"Friday, January 25, 2013 02:03:25 UTC",40.0942,-123.7530,1.7,22.10,29,"Northern California"
nc,71928276,2,"Friday, January 25, 2013 01:23:27 UTC",38.5473,-119.6208,2.1,7.50,14,"Northern California"
nc,71928271,2,"Friday, January 25, 2013 01:20:05 UTC",38.5535,-119.6152,2.0,9.10,12,"Northern California"
nn,00400841,9,"Friday, January 25, 2013 01:17:44 UTC",38.5475,-119.6196,1.2,10.30,12,"Northern California"
nc,71928261,3,"Friday, January 25, 2013 01:13:19 UTC",38.8267,-122.8553,2.0,2.90,61,"Northern California"
nc,71928251,3,"Friday, January 25, 2013 00:56:10 UTC",40.4820,-124.6340,2.2,20.50,22,"offshore Northern California"
nn,00400838,9,"Friday, January 25, 2013 00:46:03 UTC",38.5566,-119.6151,1.4,8.70, 9,"Northern California"
ak,10644482,1,"Friday, January 25, 2013 00:44:22 UTC",65.0080,-147.3185,1.5,3.10, 8,"northern Alaska"
uw,60497317,1,"Friday, January 25, 2013 00:41:11 UTC",44.4572,-124.6685,3.0,33.80,12,"offshore Oregon"
ak,10644477,1,"Friday, January 25, 2013 00:36:32 UTC",61.2225,-150.7766,1.5,54.90,11,"Southern Alaska"
nn,00400833,9,"Friday, January 25, 2013 00:18:54 UTC",38.1511,-118.0041,2.3,9.70,14,"Nevada"
nn,00400830,9,"Friday, January 25, 2013 00:12:53 UTC",38.1545,-118.0179,2.3,6.80,15,"Nevada"
nn,00400828,9,"Friday, January 25, 2013 00:11:41 UTC",38.5630,-119.6183,1.2,4.90, 9,"Northern California"
ak,10644461,1,"Friday, January 25, 2013 00:10:02 UTC",63.9610,-148.8304,1.8,0.70,18,"Central Alaska"
nc,71928221,0,"Friday, January 25, 2013 00:06:25 UTC",38.5490,-119.6172,1.7,10.50, 6,"Northern California"
nc,71928216,2,"Thursday, January 24, 2013 23:59:10 UTC",39.6030,-122.0265,1.3,22.40,12,"Northern California"
hv,60458081,1,"Thursday, January 24, 2013 23:43:41 UTC",19.4367,-155.4350,2.0,6.90, 8,"Island of Hawaii, Hawaii"
nc,71928211,0,"Thursday, January 24, 2013 23:38:57 UTC",38.5492,-119.6130,1.7,10.70, 8,"Northern California"
nn,00400817,9,"Thursday, January 24, 2013 23:37:36 UTC",38.5630,-119.6278,1.5,4.80,13,"Northern California"
nc,71928206,0,"Thursday, January 24, 2013 23:33:34 UTC",38.5497,-119.6393,1.9,0.80, 8,"Northern California"
ak,10644443,2,"Thursday, January 24, 2013 23:28:22 UTC",62.1943,-148.7302,1.5,42.30,23,"Central Alaska"
nc,71928201,A,"Thursday, January 24, 2013 23:25:51 UTC",38.5598,-119.6155,4.0,6.70,31,"Northern California"
nc,71928191,0,"Thursday, January 24, 2013 23:14:45 UTC",38.8263,-122.8562,1.1,1.70,13,"Northern California"
ak,10646728,2,"Thursday, January 24, 2013 23:09:42 UTC",63.1510,-149.5074,1.1,73.50,13,"Central Alaska"
ci,15277273,2,"Thursday, January 24, 2013 23:09:10 UTC",33.0758,-115.0003,2.0,0.00, 6,"Southern California"
nc,71928176,2,"Thursday, January 24, 2013 23:02:55 UTC",37.2583,-121.6180,1.0,4.20, 9,"Northern California"
ak,10644415,2,"Thursday, January 24, 2013 22:57:47 UTC",61.2431,-150.8328,1.8,55.30,24,"Southern Alaska"
ak,10644414,2,"Thursday, January 24, 2013 22:54:44 UTC",51.6863,-178.4277,2.0,17.60,13,"Andreanof Islands, Aleutian Islands, Alaska"
ci,15277257,2,"Thursday, January 24, 2013 22:37:12 UTC",33.1787,-116.0173,2.0,7.60,89,"Southern California"
nn,00400807,9,"Thursday, January 24, 2013 22:30:52 UTC",38.1510,-118.0228,2.5,6.10,16,"Nevada"
nc,71928166,0,"Thursday, January 24, 2013 22:28:55 UTC",38.8237,-122.7510,1.0,1.60,14,"Northern California"
nc,71928161,2,"Thursday, January 24, 2013 22:23:35 UTC",36.5673,-121.1177,1.2,3.80,10,"Central California"
nn,00400804,9,"Thursday, January 24, 2013 22:22:41 UTC",38.1566,-118.0268,1.5,8.20,13,"Nevada"
ak,10646724,2,"Thursday, January 24, 2013 22:21:55 UTC",56.9073,-157.7617,2.3,107.50,10,"Alaska Peninsula"
ak,10646723,2,"Thursday, January 24, 2013 21:53:31 UTC",59.8094,-152.6787,1.5,77.60,11,"Southern Alaska"
nc,71928156,0,"Thursday, January 24, 2013 21:31:16 UTC",38.8283,-122.8507,1.1,2.20,16,"Northern California"
ak,10644186,3,"Thursday, January 24, 2013 21:28:07 UTC",61.2522,-149.6330,3.2,37.10,83,"Southern Alaska"
ak,10644180,3,"Thursday, January 24, 2013 21:16:43 UTC",53.0663,-166.7094,2.6,15.40,14,"Fox Islands, Aleutian Islands, Alaska"
nn,00400795,9,"Thursday, January 24, 2013 21:15:34 UTC",38.1543,-118.0146,1.3,6.30,10,"Nevada"
ci,15277233,2,"Thursday, January 24, 2013 21:15:23 UTC",32.5852,-115.7117,1.5,7.20,16,"Baja California, Mexico"
ci,15277225,2,"Thursday, January 24, 2013 21:00:15 UTC",34.8400,-118.9780,2.5,16.10,68,"Central California"
ak,10644173,2,"Thursday, January 24, 2013 20:59:01 UTC",51.4470,-178.1958,2.0,12.80,18,"Andreanof Islands, Aleutian Islands, Alaska"
ak,10646718,2,"Thursday, January 24, 2013 20:50:15 UTC",60.0320,-152.6434,2.1,102.50,25,"Southern Alaska"
uw,60497272,2,"Thursday, January 24, 2013 20:48:05 UTC",45.0193,-122.5935,1.6,18.70,18,"Oregon"
nn,00400787,9,"Thursday, January 24, 2013 20:43:35 UTC",38.5503,-119.6253,1.4,10.00,16,"Northern California"
nc,71928146,3,"Thursday, January 24, 2013 20:40:05 UTC",36.8223,-121.5480,2.8,5.60,64,"Central California"
ci,15277217,2,"Thursday, January 24, 2013 20:39:40 UTC",33.8473,-117.4933,1.2,0.00,25,"Greater Los Angeles area, California"
ak,10646717,2,"Thursday, January 24, 2013 20:27:42 UTC",52.0121,179.1574,2.5,96.50,10,"Rat Islands, Aleutian Islands, Alaska"
nc,71928136,1,"Thursday, January 24, 2013 20:24:10 UTC",38.7887,-122.7628,1.6,1.50,24,"Northern California"
uu,60011302,3,"Thursday, January 24, 2013 20:22:39 UTC",44.4717,-110.7022,1.3,2.50,12,"Yellowstone National Park, Wyoming"
ak,10646716,2,"Thursday, January 24, 2013 20:21:23 UTC",63.2487,-150.3760,1.5,119.20,20,"Central Alaska"
ak,10646715,2,"Thursday, January 24, 2013 19:53:24 UTC",59.8774,-152.7902,2.1,93.90,37,"Southern Alaska"
ak,10644157,2,"Thursday, January 24, 2013 19:45:59 UTC",62.6114,-151.2503,1.5,5.30,21,"Central Alaska"
ci,15277209,2,"Thursday, January 24, 2013 19:38:39 UTC",33.2785,-116.7817,1.3,12.70,61,"Southern California"
nc,71928131,1,"Thursday, January 24, 2013 19:37:05 UTC",38.8078,-122.7913,1.1,0.90,24,"Northern California"
nc,71928126,0,"Thursday, January 24, 2013 19:35:28 UTC",38.8043,-122.8145,1.0,2.00,12,"Northern California"
ak,10644143,2,"Thursday, January 24, 2013 19:32:46 UTC",63.5186,-147.3369,1.2,3.00,16,"Central Alaska"
ak,10644139,2,"Thursday, January 24, 2013 19:17:50 UTC",63.5165,-147.2943,1.0,5.90,12,"Central Alaska"
nc,71928116,0,"Thursday, January 24, 2013 19:10:10 UTC",38.8270,-122.8528,1.0,2.50,22,"Northern California"
ak,10646711,2,"Thursday, January 24, 2013 19:02:31 UTC",63.2522,-150.7001,1.4,125.80,19,"Central Alaska"
ak,10644107,2,"Thursday, January 24, 2013 18:55:09 UTC",64.9029,-149.8629,2.2,21.80,33,"Central Alaska"
uw,60497252,1,"Thursday, January 24, 2013 18:42:48 UTC",44.6823,-125.6013,2.1,28.30,20,"off the coast of Oregon"
ci,15277201,2,"Thursday, January 24, 2013 18:36:13 UTC",34.6323,-117.1348,1.1,0.00,11,"Southern California"
nc,71928111,0,"Thursday, January 24, 2013 18:30:22 UTC",38.8243,-122.7852,1.1,2.20,21,"Northern California"
ak,10646709,2,"Thursday, January 24, 2013 18:19:31 UTC",60.1588,-152.9759,2.2,123.70,25,"Southern Alaska"
ak,10646708,2,"Thursday, January 24, 2013 18:17:22 UTC",61.5439,-146.4368,1.3,37.60,12,"Southern Alaska"
ci,15277185,2,"Thursday, January 24, 2013 18:05:50 UTC",33.8448,-117.4990,1.2,0.00, 6,"Greater Los Angeles area, California"
ak,10646707,2,"Thursday, January 24, 2013 17:58:02 UTC",65.6875,-155.1668,2.5,4.80,16,"northern Alaska"
nc,71928086,2,"Thursday, January 24, 2013 17:31:04 UTC",38.0633,-118.9422,1.7,11.30,26,"Central California"
ci,15277177,2,"Thursday, January 24, 2013 17:07:10 UTC",32.5340,-115.6298,2.3,12.40,26,"Baja California, Mexico"
ak,10646706,2,"Thursday, January 24, 2013 17:06:34 UTC",63.5920,-150.5595,1.0,10.60,12,"Central Alaska"
ak,10646704,2,"Thursday, January 24, 2013 17:04:35 UTC",57.9948,-142.4350,2.7,11.60,26,"Gulf of Alaska"
pr,13024004,0,"Thursday, January 24, 2013 16:59:32 UTC",18.8404,-65.2184,2.9,52.00, 7,"Puerto Rico region"
ak,10646703,2,"Thursday, January 24, 2013 16:41:54 UTC",62.1759,-153.3487,1.1,2.80,11,"Central Alaska"
ci,15277161,3,"Thursday, January 24, 2013 16:29:35 UTC",37.1925,-117.5382,1.7,14.40, 8,"Central California"
ci,15277137,2,"Thursday, January 24, 2013 16:26:02 UTC",33.2992,-116.2467,1.2,10.20,43,"Southern California"
ak,10644047,3,"Thursday, January 24, 2013 16:19:46 UTC",59.9067,-152.7101,2.1,84.50,30,"Southern Alaska"
nc,71928051,0,"Thursday, January 24, 2013 15:57:37 UTC",38.7732,-122.9212,1.0,2.70, 5,"Northern California"
ak,10644040,3,"Thursday, January 24, 2013 15:56:19 UTC",51.5746,-178.4311,2.5,7.60,18,"Andreanof Islands, Aleutian Islands, Alaska"
pr,13024005,0,"Thursday, January 24, 2013 15:51:40 UTC",19.6476,-65.2431,2.7,53.00, 3,"Puerto Rico region"
ci,15277121,2,"Thursday, January 24, 2013 15:30:06 UTC",36.0842,-117.8430,1.7,2.70,33,"Central California"
nn,00400738,9,"Thursday, January 24, 2013 15:00:47 UTC",38.1574,-118.0677,1.5,4.00,13,"Nevada"
ci,15277097,2,"Thursday, January 24, 2013 14:25:56 UTC",32.9657,-116.2485,2.2,12.30,96,"Southern California"
ak,10646700,2,"Thursday, January 24, 2013 14:24:24 UTC",63.3733,-145.8616,1.2,10.40,12,"Central Alaska"
hv,60457781,1,"Thursday, January 24, 2013 14:21:24 UTC",19.3332,-155.0510,1.8,4.20,32,"Island of Hawaii, Hawaii"
nc,71928021,2,"Thursday, January 24, 2013 14:16:53 UTC",35.9778,-120.5523,1.2,3.50,27,"Central California"
us,c000eutf,4,"Thursday, January 24, 2013 14:15:49 UTC",53.5639,142.7467,4.9,9.00,49,"Sakhalin, Russia"
nc,71928016,3,"Thursday, January 24, 2013 14:13:37 UTC",39.3755,-120.4542,1.1,9.60,26,"Northern California"
ak,10646699,2,"Thursday, January 24, 2013 14:13:18 UTC",65.8667,-155.2887,2.4,16.00,15,"northern Alaska"
ak,10644020,2,"Thursday, January 24, 2013 14:10:33 UTC",61.9551,-150.4694,1.4,51.90,21,"Southern Alaska"
ak,10646697,2,"Thursday, January 24, 2013 14:00:30 UTC",51.5882,-178.3779,1.6,6.20,10,"Andreanof Islands, Aleutian Islands, Alaska"
pr,13024003,0,"Thursday, January 24, 2013 13:53:38 UTC",19.1537,-64.0224,3.0,91.00, 5,"Virgin Islands region"
nc,71928006,3,"Thursday, January 24, 2013 13:50:59 UTC",39.3740,-120.4543,2.4,9.60,31,"Northern California"
nc,71927996,5,"Thursday, January 24, 2013 13:22:52 UTC",40.4187,-125.0838,2.8,0.10,44,"offshore Northern California"
ak,10644132,3,"Thursday, January 24, 2013 12:58:16 UTC",51.3074,-178.2228,2.7,32.20,16,"Andreanof Islands, Aleutian Islands, Alaska"
uw,60497212,1,"Thursday, January 24, 2013 12:57:12 UTC",48.5097,-122.6660,1.0,22.90,14,"San Juan Islands region, Washington"
nc,71927981,0,"Thursday, January 24, 2013 12:40:40 UTC",38.5760,-119.6043,1.8,3.90, 6,"Northern California"
ak,10643998,2,"Thursday, January 24, 2013 12:36:29 UTC",61.0974,-150.3603,1.9,44.70,33,"Southern Alaska"
ak,10644003,2,"Thursday, January 24, 2013 12:35:55 UTC",64.7882,-148.8400,1.0,0.00,12,"Central Alaska"
ak,10643996,2,"Thursday, January 24, 2013 12:28:46 UTC",63.9350,-148.5837,1.6,113.30,29,"Central Alaska"
nn,00400715,9,"Thursday, January 24, 2013 12:15:51 UTC",38.5802,-119.5937,1.5,8.00,16,"Northern California"
pr,13024002,0,"Thursday, January 24, 2013 12:13:16 UTC",19.5214,-64.3622,3.0,77.00, 6,"Virgin Islands region"
ak,10646691,2,"Thursday, January 24, 2013 12:07:01 UTC",62.0641,-145.1626,1.3,18.20,11,"Central Alaska"
nn,00400714,9,"Thursday, January 24, 2013 12:04:45 UTC",38.1587,-118.0118,1.6,4.00,26,"Nevada"
ci,15277065,2,"Thursday, January 24, 2013 12:02:26 UTC",34.2918,-116.9095,1.3,8.30,60,"Southern California"
ak,10643988,2,"Thursday, January 24, 2013 11:54:55 UTC",63.5610,-147.3236,1.6,6.80,22,"Central Alaska"
nc,71927961,3,"Thursday, January 24, 2013 11:50:15 UTC",36.5927,-121.1463,2.3,11.70,63,"Central California"
nc,71927966,2,"Thursday, January 24, 2013 11:49:36 UTC",36.5958,-121.1462,1.6,11.50,39,"Central California"
ak,10643983,3,"Thursday, January 24, 2013 11:40:34 UTC",62.8484,-150.4265,1.4,85.60,19,"Central Alaska"
nn,00400713,9,"Thursday, January 24, 2013 11:35:11 UTC",38.5611,-119.6157,1.5,2.00,16,"Northern California"
nn,00400712,9,"Thursday, January 24, 2013 11:27:28 UTC",38.5611,-119.6157,1.2,8.00, 9,"Northern California"
nc,71927951,9,"Thursday, January 24, 2013 11:22:57 UTC",40.4415,-125.6360,4.0,17.90,55,"offshore Northern California"
nc,71927946,1,"Thursday, January 24, 2013 11:18:45 UTC",38.8427,-122.8277,1.3,2.40,26,"Northern California"
ak,10646688,2,"Thursday, January 24, 2013 11:09:12 UTC",52.0032,-166.8935,2.8,25.00,21,"Fox Islands, Aleutian Islands, Alaska"
ak,10643969,2,"Thursday, January 24, 2013 11:07:59 UTC",63.2689,-151.3270,1.7,8.80,19,"Central Alaska"
us,c000eurh,6,"Thursday, January 24, 2013 10:39:54 UTC",38.6078,73.4927,4.5,113.50,37,"Tajikistan"
ak,10646686,2,"Thursday, January 24, 2013 10:30:04 UTC",62.8479,-150.3759,1.4,84.10,15,"Central Alaska"
nc,71927931,3,"Thursday, January 24, 2013 10:26:50 UTC",40.2857,-124.4452,2.4,20.30,19,"offshore Northern California"
nc,71927926,2,"Thursday, January 24, 2013 10:21:26 UTC",38.5560,-119.6133,2.1,9.80,13,"Northern California"
nn,00400708,9,"Thursday, January 24, 2013 10:17:47 UTC",38.1542,-117.9702,2.0,0.80,30,"Nevada"
nn,00400706,9,"Thursday, January 24, 2013 10:06:35 UTC",38.2138,-118.0454,1.2,16.00, 5,"Nevada"
uw,60497197,2,"Thursday, January 24, 2013 09:50:41 UTC",47.4545,-122.7047,1.9,24.20,52,"Seattle-Tacoma urban area, Washington"
ak,10643951,2,"Thursday, January 24, 2013 09:50:24 UTC",60.7630,-151.7506,2.0,77.20,34,"Kenai Peninsula, Alaska"
nn,00400702,9,"Thursday, January 24, 2013 09:42:07 UTC",38.5611,-119.6157,1.4,12.00, 9,"Northern California"
us,c000euqx,7,"Thursday, January 24, 2013 09:35:54 UTC",-4.2135,122.8377,5.0,642.50,90,"Sulawesi, Indonesia"
ak,10646684,2,"Thursday, January 24, 2013 09:34:38 UTC",60.6698,-152.2482,1.7,96.70,15,"Southern Alaska"
nc,71927916,3,"Thursday, January 24, 2013 09:33:53 UTC",38.5548,-119.6160,2.3,8.80,15,"Northern California"
nn,00400699,9,"Thursday, January 24, 2013 09:28:30 UTC",38.5802,-119.5937,1.2,8.00,12,"Northern California"
us,c000euqv,7,"Thursday, January 24, 2013 09:28:29 UTC",27.7707,56.4141,4.2,10.00,28,"southern Iran"
ak,10646682,2,"Thursday, January 24, 2013 09:25:00 UTC",53.1685,-166.8258,1.9,19.20,12,"Fox Islands, Aleutian Islands, Alaska"
nn,00400698,9,"Thursday, January 24, 2013 09:21:31 UTC",38.5802,-119.5937,1.1,0.00,13,"Northern California"
nn,00400697,9,"Thursday, January 24, 2013 09:13:46 UTC",38.5494,-119.6236,1.4,10.10,12,"Northern California"
nc,71927906,0,"Thursday, January 24, 2013 09:12:01 UTC",38.5553,-119.6197,1.7,8.80, 8,"Northern California"
nn,00400695,9,"Thursday, January 24, 2013 09:05:59 UTC",38.5475,-119.6215,1.6,10.50,10,"Northern California"
ak,10646681,2,"Thursday, January 24, 2013 09:02:01 UTC",63.1481,-151.3759,1.1,12.20,15,"Central Alaska"
ak,10643940,2,"Thursday, January 24, 2013 09:01:28 UTC",62.3639,-148.5630,1.2,40.80,21,"Central Alaska"
ak,10643939,3,"Thursday, January 24, 2013 08:57:38 UTC",53.5737,-166.7955,2.3,69.30,18,"Fox Islands, Aleutian Islands, Alaska"
nn,00400694,9,"Thursday, January 24, 2013 08:56:12 UTC",38.5645,-119.6143,1.2,8.50,10,"Northern California"
nn,00400693,9,"Thursday, January 24, 2013 08:43:25 UTC",38.5417,-119.6602,1.1,16.00, 5,"Northern California"
ak,10643935,2,"Thursday, January 24, 2013 08:37:14 UTC",60.5025,-151.5132,1.7,77.50,20,"Kenai Peninsula, Alaska"
ak,10646677,2,"Thursday, January 24, 2013 08:34:38 UTC",60.1612,-152.7129,2.1,103.30,26,"Southern Alaska"
nc,71927896,0,"Thursday, January 24, 2013 08:33:01 UTC",38.7868,-122.7513,1.2,3.60,19,"Northern California"
nc,71927891,0,"Thursday, January 24, 2013 08:32:49 UTC",38.8160,-122.8198,1.1,2.80,22,"Northern California"
nn,00400690,9,"Thursday, January 24, 2013 08:30:12 UTC",38.5565,-119.6238,1.0,11.30,14,"Northern California"
nc,71927886,0,"Thursday, January 24, 2013 08:28:05 UTC",38.5542,-119.5930,1.8,1.20,11,"Northern California"
nc,71927876,3,"Thursday, January 24, 2013 08:25:24 UTC",38.5523,-119.6217,2.6,7.80,26,"Northern California"
nc,71069289,6,"Thursday, January 24, 2013 08:23:30 UTC",38.5683,-119.6157,2.8,1.50,14,"Northern California"
nc,71069294,2,"Thursday, January 24, 2013 08:23:19 UTC",38.5500,-119.6215,1.3,8.10,11,"Northern California"
nc,71927871,B,"Thursday, January 24, 2013 08:21:48 UTC",38.5590,-119.6203,3.7,6.00,38,"Northern California"
ci,15276985,2,"Thursday, January 24, 2013 08:18:45 UTC",34.0875,-117.3030,1.5,15.70,79,"Greater Los Angeles area, California"
nc,71927866,0,"Thursday, January 24, 2013 08:16:31 UTC",38.8170,-122.8207,1.4,2.60,21,"Northern California"
ci,15276977,2,"Thursday, January 24, 2013 08:07:43 UTC",35.9268,-117.7017,1.3,2.70,34,"Central California"
nn,00400684,9,"Thursday, January 24, 2013 08:06:42 UTC",36.6590,-116.3411,1.1,4.00,19,"Nevada"
nc,71927851,0,"Thursday, January 24, 2013 07:56:53 UTC",38.7710,-122.7162,1.3,2.20,17,"Northern California"
nn,00400683,9,"Thursday, January 24, 2013 07:55:38 UTC",37.1810,-117.3400,1.0,6.00,10,"Nevada"
nc,71927846,1,"Thursday, January 24, 2013 07:54:01 UTC",38.8113,-122.7955,1.8,1.50,30,"Northern California"
nc,71927836,4,"Thursday, January 24, 2013 07:42:21 UTC",36.0752,-120.6460,1.0,1.70,30,"Central California"
nc,71927831,2,"Thursday, January 24, 2013 07:41:21 UTC",35.6470,-120.9992,1.3,9.40,24,"Central California"
ak,10643906,2,"Thursday, January 24, 2013 07:41:07 UTC",51.5874,-178.1168,1.6,13.10,13,"Andreanof Islands, Aleutian Islands, Alaska"
us,c000euq3,5,"Thursday, January 24, 2013 07:35:42 UTC",49.8255,87.6036,5.3,41.80,320,"Russia-Kazakhstan-Xinjiang border region"
ak,10643901,2,"Thursday, January 24, 2013 07:31:43 UTC",62.6365,-151.3069,1.4,17.40,20,"Central Alaska"
ci,15276961,2,"Thursday, January 24, 2013 07:30:41 UTC",33.1358,-116.4470,1.4,14.60,61,"Southern California"
ak,10646674,2,"Thursday, January 24, 2013 07:23:17 UTC",60.3205,-150.9578,1.6,60.50,18,"Kenai Peninsula, Alaska"
ak,10643898,2,"Thursday, January 24, 2013 07:22:37 UTC",61.1472,-151.1984,1.4,64.80,22,"Southern Alaska"
us,c000eupr,7,"Thursday, January 24, 2013 07:08:16 UTC",9.9707,-84.4496,4.9,62.80,279,"Costa Rica"
ak,10643893,2,"Thursday, January 24, 2013 07:02:46 UTC",51.6028,179.2820,2.3,75.30,17,"Rat Islands, Aleutian Islands, Alaska"
ak,10646671,2,"Thursday, January 24, 2013 07:00:16 UTC",62.4107,-149.3127,1.2,56.20,19,"Central Alaska"
nc,71927811,3,"Thursday, January 24, 2013 06:48:13 UTC",38.8107,-122.7945,1.9,1.40,60,"Northern California"
ak,10646670,2,"Thursday, January 24, 2013 06:42:47 UTC",50.1315,178.7892,2.7,25.40,18,"Rat Islands, Aleutian Islands, Alaska"
ak,10643885,2,"Thursday, January 24, 2013 06:42:40 UTC",65.6368,-145.2563,2.2,14.40,18,"northern Alaska"
nc,71927796,1,"Thursday, January 24, 2013 06:36:39 UTC",38.8108,-122.7953,1.4,1.40,22,"Northern California"
nc,71927791,1,"Thursday, January 24, 2013 06:35:19 UTC",38.8118,-122.7933,1.7,1.40,28,"Northern California"
ak,10646668,2,"Thursday, January 24, 2013 06:34:28 UTC",62.6962,-149.2235,1.1,57.00,14,"Central Alaska"
nc,71927786,3,"Thursday, January 24, 2013 06:30:00 UTC",36.5612,-121.1510,2.0,3.40,51,"Central California"
ak,10643875,3,"Thursday, January 24, 2013 06:26:04 UTC",51.0769,-179.8516,2.4,16.00,11,"Andreanof Islands, Aleutian Islands, Alaska"
nc,71927781,2,"Thursday, January 24, 2013 06:24:25 UTC",37.6987,-119.4265,1.7,0.40,21,"Central California"
nc,71927776,2,"Thursday, January 24, 2013 06:23:54 UTC",37.6047,-119.0973,1.4,10.10,30,"Central California"
ci,15276945,2,"Thursday, January 24, 2013 06:22:44 UTC",34.1578,-116.4082,1.1,9.10,45,"Southern California"
ak,10643868,2,"Thursday, January 24, 2013 06:18:07 UTC",62.8430,-149.6541,1.4,72.40,22,"Central Alaska"
ak,10643867,2,"Thursday, January 24, 2013 06:10:24 UTC",61.8041,-148.9493,1.0,10.60,14,"Southern Alaska"
ak,10643861,3,"Thursday, January 24, 2013 06:07:37 UTC",59.8142,-153.0696,2.6,115.10,54,"Southern Alaska"
ci,15276937,2,"Thursday, January 24, 2013 05:53:39 UTC",33.6763,-116.7345,1.1,18.80,74,"Southern California"
nc,71927761,6,"Thursday, January 24, 2013 05:43:10 UTC",40.7610,-124.5218,2.6,21.50,28,"offshore Northern California"
nc,71927756,3,"Thursday, January 24, 2013 05:20:38 UTC",37.7183,-122.0053,1.7,15.80,65,"San Francisco Bay area, California"
nc,71927751,0,"Thursday, January 24, 2013 05:13:16 UTC",38.8215,-122.7640,1.1,2.40,19,"Northern California"
ak,10646662,2,"Thursday, January 24, 2013 05:09:27 UTC",62.2114,-150.0979,1.2,14.90,16,"Central Alaska"
uu,60011247,3,"Thursday, January 24, 2013 05:05:58 UTC",39.5588,-111.2732,1.1,1.90,17,"Utah"
uw,60497122,1,"Thursday, January 24, 2013 05:00:12 UTC",47.0395,-122.0877,1.4,0.00, 6,"Washington"
nc,71927741,0,"Thursday, January 24, 2013 04:52:53 UTC",38.7518,-122.7288,1.4,1.10,15,"Northern California"
us,c000eup1,5,"Thursday, January 24, 2013 04:51:06 UTC",27.8766,56.5569,4.6,9.90,50,"southern Iran"
uu,60011237,6,"Thursday, January 24, 2013 04:46:39 UTC",38.3238,-108.9905,3.9,1.20,27,"Colorado"
nn,00400674,9,"Thursday, January 24, 2013 04:43:29 UTC",38.1572,-117.9655,2.9,4.20,40,"Nevada"
nc,71927731,3,"Thursday, January 24, 2013 04:08:22 UTC",37.7448,-122.5772,1.0,8.20,15,"offshore Northern California"
ak,10643837,3,"Thursday, January 24, 2013 04:02:55 UTC",51.4823,-175.8410,2.3,33.40,14,"Andreanof Islands, Aleutian Islands, Alaska"
uu,60011227,4,"Thursday, January 24, 2013 04:01:05 UTC",38.9972,-111.3453,1.5,2.90, 8,"Utah"
ak,10643831,2,"Thursday, January 24, 2013 03:48:46 UTC",58.5095,-150.6070,2.8,2.40,46,"Gulf of Alaska"
ak,10643828,3,"Thursday, January 24, 2013 03:44:13 UTC",63.1114,-150.4642,1.7,116.80,22,"Central Alaska"
nn,00400671,9,"Thursday, January 24, 2013 03:36:18 UTC",38.4501,-119.3115,1.0,7.00, 6,"Central California"
ak,10646655,2,"Thursday, January 24, 2013 02:34:43 UTC",63.1509,-150.0543,1.2,91.10,13,"Central Alaska"
nn,00400667,9,"Thursday, January 24, 2013 02:30:58 UTC",38.1516,-118.0040,1.8,12.70,13,"Nevada"
ak,10643810,2,"Thursday, January 24, 2013 02:30:57 UTC",61.5350,-146.4121,1.5,15.00,19,"Southern Alaska"
nn,00400664,9,"Thursday, January 24, 2013 02:28:02 UTC",38.1531,-117.9994,1.3,7.50, 8,"Nevada"
ak,10646653,2,"Thursday, January 24, 2013 02:27:52 UTC",63.0216,-149.7463,1.1,88.00,12,"Central Alaska"
pr,13024001,0,"Thursday, January 24, 2013 02:21:46 UTC",19.6485,-64.2967,3.0,61.00, 4,"Virgin Islands region"
ak,10646652,2,"Thursday, January 24, 2013 02:19:33 UTC",62.8439,-150.9616,1.5,103.20,15,"Central Alaska"
us,c000eun4,4,"Thursday, January 24, 2013 02:17:10 UTC",-16.6170,177.7066,5.1,34.10,120,"Fiji"
ak,10643806,2,"Thursday, January 24, 2013 02:07:22 UTC",51.9029,179.0764,2.9,164.50,16,"Rat Islands, Aleutian Islands, Alaska"
ak,10646650,2,"Thursday, January 24, 2013 01:56:21 UTC",63.1734,-150.3932,1.2,117.40,13,"Central Alaska"
ak,10643800,2,"Thursday, January 24, 2013 01:41:39 UTC",63.9441,-148.8175,1.4,0.00,22,"Central Alaska"
ak,10643799,2,"Thursday, January 24, 2013 01:39:42 UTC",62.8783,-149.6722,1.5,71.40,25,"Central Alaska"
ci,15276849,2,"Thursday, January 24, 2013 00:58:31 UTC",35.9265,-117.7018,1.0,2.80,31,"Central California"
nc,71927696,0,"Thursday, January 24, 2013 00:55:07 UTC",38.8237,-122.8033,1.4,0.00,14,"Northern California"
nc,71927691,0,"Thursday, January 24, 2013 00:54:46 UTC",38.8220,-122.8007,1.6,0.00,21,"Northern California"
nc,71927686,0,"Thursday, January 24, 2013 00:53:37 UTC",38.8197,-122.8008,1.1,0.50,14,"Northern California"
ak,10646646,2,"Thursday, January 24, 2013 00:18:44 UTC",51.6203,-178.4367,2.0,15.00,11,"Andreanof Islands, Aleutian Islands, Alaska"
pr,13024000,0,"Thursday, January 24, 2013 00:08:30 UTC",19.5900,-64.4401,3.1,37.00, 9,"Virgin Islands region"
ak,10643763,2,"Thursday, January 24, 2013 00:07:02 UTC",64.9947,-147.3333,1.2,0.00, 9,"Central Alaska"
ak,10646644,2,"Thursday, January 24, 2013 00:04:52 UTC",60.0295,-153.0620,2.1,125.10,18,"Southern Alaska"
ak,10643761,2,"Thursday, January 24, 2013 00:04:07 UTC",61.0645,-152.7512,1.5,4.50,16,"Southern Alaska"
uw,60497082,1,"Thursday, January 24, 2013 00:04:06 UTC",44.3712,-121.0420,1.9,0.00, 7,"Oregon"
ak,10643755,2,"Wednesday, January 23, 2013 23:49:32 UTC",65.1170,-150.1293,1.2,0.50,13,"northern Alaska"
uw,60497077,1,"Wednesday, January 23, 2013 23:37:40 UTC",46.2150,-122.8780,1.8,0.00,14,"Washington"
nn,00400643,9,"Wednesday, January 23, 2013 23:32:10 UTC",38.1365,-118.0382,1.4,7.00,16,"Nevada"
nc,71927671,4,"Wednesday, January 23, 2013 23:15:46 UTC",38.8305,-122.8083,1.0,2.40,25,"Northern California"
nc,71927666,3,"Wednesday, January 23, 2013 23:14:38 UTC",36.7983,-121.2677,1.4,8.20,27,"Central California"
nc,71927661,1,"Wednesday, January 23, 2013 22:54:13 UTC",38.8438,-122.8292,1.6,2.50,25,"Northern California"
ak,10643722,2,"Wednesday, January 23, 2013 22:53:09 UTC",51.4903,-175.9010,1.7,18.40, 9,"Andreanof Islands, Aleutian Islands, Alaska"
ak,10643707,2,"Wednesday, January 23, 2013 22:40:29 UTC",58.8200,-154.5527,2.8,122.90,50,"Alaska Peninsula"
mb,13496898,2,"Wednesday, January 23, 2013 22:30:48 UTC",47.4483,-115.9910,1.5,2.00,18,"northern Idaho"
ak,10645918,2,"Wednesday, January 23, 2013 22:29:11 UTC",51.5255,-179.9908,2.0,65.80,11,"Andreanof Islands, Aleutian Islands, Alaska"
ci,15276817,2,"Wednesday, January 23, 2013 22:28:36 UTC",32.9208,-117.4977,3.1,15.50,82,"Gulf of Santa Catalina, California"
ak,10643683,2,"Wednesday, January 23, 2013 22:20:49 UTC",63.0182,-150.3780,1.5,102.50,20,"Central Alaska"
ak,10643678,2,"Wednesday, January 23, 2013 22:18:37 UTC",61.6243,-150.4888,1.7,46.00,29,"Southern Alaska"
nc,71927646,0,"Wednesday, January 23, 2013 22:13:54 UTC",38.8060,-122.7897,1.0,2.00,10,"Northern California"
uw,60496962,1,"Wednesday, January 23, 2013 22:11:24 UTC",49.4102,-120.4937,2.4,0.00,14,"British Columbia, Canada"
ak,10643672,3,"Wednesday, January 23, 2013 22:05:30 UTC",50.2606,-175.8582,3.1,33.50,22,"Andreanof Islands, Aleutian Islands, Alaska"
ak,10643668,2,"Wednesday, January 23, 2013 22:01:24 UTC",63.1623,-150.5451,1.5,119.00,17,"Central Alaska"
pr,13023008,0,"Wednesday, January 23, 2013 21:59:04 UTC",19.3104,-64.2417,2.9,85.00, 6,"Virgin Islands region"
nc,71927636,0,"Wednesday, January 23, 2013 21:49:34 UTC",38.8097,-122.8277,1.0,2.60,10,"Northern California"
ci,15276793,2,"Wednesday, January 23, 2013 21:38:11 UTC",32.6028,-116.9703,1.7,3.40,37,"San Diego County urban area, California"
us,c000euil,6,"Wednesday, January 23, 2013 21:34:32 UTC",43.1448,145.7090,5.2,59.50,257,"Hokkaido, Japan region"
ak,10643641,2,"Wednesday, January 23, 2013 21:32:17 UTC",62.8842,-149.5640,1.3,72.60,18,"Central Alaska"
us,c000euhy,B,"Wednesday, January 23, 2013 21:31:06 UTC",37.8082,141.5377,4.9,36.30,43,"near the east coast of Honshu, Japan"
ak,10643642,2,"Wednesday, January 23, 2013 21:29:47 UTC",60.0967,-150.6602,1.7,31.50,17,"Kenai Peninsula, Alaska"
ak,10643631,2,"Wednesday, January 23, 2013 21:14:13 UTC",61.2714,-150.8233,1.9,56.30,27,"Southern Alaska"
ak,10643626,2,"Wednesday, January 23, 2013 21:00:25 UTC",51.6082,-178.1633,2.0,2.10,11,"Andreanof Islands, Aleutian Islands, Alaska"
ak,10643620,2,"Wednesday, January 23, 2013 20:48:17 UTC",51.6169,-178.0648,1.6,12.00,10,"Andreanof Islands, Aleutian Islands, Alaska"
ak,10643618,2,"Wednesday, January 23, 2013 20:43:29 UTC",61.3764,-150.0398,1.4,42.10,13,"Southern Alaska"
ci,15276761,2,"Wednesday, January 23, 2013 20:42:00 UTC",35.8845,-118.3550,1.8,3.10,46,"Central California"
pr,13023007,0,"Wednesday, January 23, 2013 20:36:51 UTC",18.2180,-66.8991,1.7,9.00, 3,"Puerto Rico"
ci,15276753,2,"Wednesday, January 23, 2013 20:25:19 UTC",34.0027,-116.8215,1.0,14.40,24,"Southern California"
ak,10645907,2,"Wednesday, January 23, 2013 20:00:27 UTC",52.3164,-174.6797,2.2,204.40,10,"Andreanof Islands, Aleutian Islands, Alaska"
ak,10643433,3,"Wednesday, January 23, 2013 19:58:40 UTC",60.3470,-152.3005,3.2,80.20,69,"Southern Alaska"
nc,71927586,2,"Wednesday, January 23, 2013 19:55:12 UTC",36.0717,-120.6502,1.4,3.20,47,"Central California"
nc,71927571,0,"Wednesday, January 23, 2013 19:37:05 UTC",38.8248,-122.7948,1.0,3.00,20,"Northern California"
nn,00400598,9,"Wednesday, January 23, 2013 19:36:03 UTC",38.1564,-118.0077,1.5,3.80,10,"Nevada"
uu,60011187,5,"Wednesday, January 23, 2013 19:25:59 UTC",37.7342,-112.9778,1.2,2.50, 7,"Utah"
nc,71927566,2,"Wednesday, January 23, 2013 19:20:13 UTC",37.4787,-118.8402,1.3,6.80,24,"Central California"
uu,60011182,2,"Wednesday, January 23, 2013 19:20:07 UTC",37.7667,-113.0045,1.7,1.60,10,"Utah"
nm,012413a,A,"Wednesday, January 23, 2013 19:09:03 UTC",36.2338,-89.6012,1.5,6.00,15,"Tennessee"
nc,71927551,2,"Wednesday, January 23, 2013 18:57:08 UTC",36.7577,-121.5930,1.2,0.00,23,"Central California"
ak,10643383,3,"Wednesday, January 23, 2013 18:51:39 UTC",51.6257,-178.4069,2.8,12.10,15,"Andreanof Islands, Aleutian Islands, Alaska"
nc,71927536,1,"Wednesday, January 23, 2013 18:15:34 UTC",38.8353,-122.7775,1.8,2.70,30,"Northern California"
nc,71927531,0,"Wednesday, January 23, 2013 18:12:32 UTC",38.7948,-122.7865,1.2,0.60,18,"Northern California"
ak,10643350,2,"Wednesday, January 23, 2013 18:10:48 UTC",66.0290,-151.4674,3.0,6.70,35,"northern Alaska"
ak,10643346,3,"Wednesday, January 23, 2013 18:04:50 UTC",51.5824,-178.4258,3.0,0.50,16,"Andreanof Islands, Aleutian Islands, Alaska"
us,b000etal,2,"Wednesday, January 23, 2013 18:01:56 UTC",37.8437,118.7116,4.5,14.90,32,"Shandong, China"
mb,13523744,2,"Wednesday, January 23, 2013 17:58:25 UTC",46.8504,-113.3555,1.3,3.90,28,"western Montana"
nc,71927526,5,"Wednesday, January 23, 2013 17:56:36 UTC",39.8633,-123.9650,2.2,0.10,24,"offshore Northern California"
ak,10645902,2,"Wednesday, January 23, 2013 17:55:33 UTC",55.0547,-161.0452,1.5,53.70, 9,"Alaska Peninsula"
ak,10643343,2,"Wednesday, January 23, 2013 17:53:47 UTC",61.3578,-149.9072,1.2,32.30,10,"Southern Alaska"
nc,71927521,0,"Wednesday, January 23, 2013 17:52:21 UTC",38.7897,-122.7778,1.1,3.10,21,"Northern California"
